Rk,Gcar,Gtm,Week,Date,Team,,Opp,Result,GS,Tgt,Rec,Yds,Y/R,TD,Ctch%,Y/Tgt,Att,Yds,TD,Y/A,Cmp,Att,Cmp%,Yds,TD,Int,Y/A,AY/A,Rate,Sk,Yds,Sk,Comb,Solo,Ast,TFL,QBHits,Sfty,Int,Yds,IntTD,PD,Fmb,FL,FF,FR,Yds,FRTD,OffSnp,Off%,DefSnp,Def%,STSnp,ST%
1,1,2,2,2013-09-15,KAN,,DAL,W 17-16,,0,0,0,,0,,,0,0,0,,0,0,,0,0,,,,,,,0.0,0,0,0,0,,0,0,0,0,,0,0,0,0,0,0,0,0.0,0,0.0,1,3.6
2,2,1,1,2014-09-07,KAN,,TEN,L 10-26,,5,3,49,16.3,0,60.0,9.8,0,0,0,,0,0,,0,0,0,,,,0,0,0.0,0,0,0,0,,0,0,0,0,0,0,0,0,0,0,0,18,31.6,0,0.0,3,9.1
3,3,2,2,2014-09-14,KAN,@,DEN,L 17-24,,6,4,81,20.3,0,66.7,13.5,0,0,0,,0,0,,0,0,0,,,,0,0,0.0,0,0,0,0,,0,0,0,0,0,0,0,0,0,0,0,32,37.2,0,0.0,4,18.2
4,4,3,3,2014-09-21,KAN,@,MIA,W 34-15,*,4,3,36,12.0,1,75.0,9.0,0,0,0,,0,0,,0,0,0,,,,0,0,0.0,0,0,0,0,,0,0,0,0,0,0,0,0,0,0,0,47,65.3,0,0.0,4,13.3
5,5,4,4,2014-09-29,KAN,,NWE,W 41-14,*,9,8,93,11.6,1,88.9,10.3,0,0,0,,0,0,,0,0,0,,,,0,0,0.0,0,0,0,0,,0,0,0,0,0,0,0,0,0,0,0,35,52.2,0,0.0,7,24.1
6,6,5,5,2014-10-05,KAN,@,SFO,L 17-22,*,3,2,15,7.5,1,66.7,5.0,0,0,0,,0,0,,0,0,0,,,,0,0,0.0,0,0,0,0,,0,0,0,0,0,0,0,0,0,0,0,29,58.0,0,0.0,3,11.1
7,7,6,7,2014-10-19,KAN,@,SDG,W 23-20,,4,4,33,8.3,0,100.0,8.3,0,0,0,,0,0,,0,0,0,,,,0,0,0.0,0,0,0,0,,0,0,0,0,0,0,0,0,0,0,0,39,52.7,0,0.0,5,17.2
8,8,7,8,2014-10-26,KAN,,STL,W 34-7,*,6,4,45,11.3,0,66.7,7.5,0,0,0,,0,0,,0,0,0,,,,0,0,0.0,0,0,0,0,0,0,0,0,0,0,0,0,0,0,0,0,38,57.6,0,0.0,6,22.2
9,9,8,9,2014-11-02,KAN,,NYJ,W 24-10,*,5,4,67,16.8,1,80.0,13.4,0,0,0,,0,0,,0,0,0,,,,0,0,0.0,0,0,0,0,,0,0,0,0,0,1,0,0,0,0,0,30,51.7,0,0.0,4,20.0
10,10,9,10,2014-11-09,KAN,@,BUF,W 17-13,,2,2,19,9.5,0,100.0,9.5,0,0,0,,0,0,,0,0,0,,,,0,0,0.0,0,0,0,0,,0,0,0,0,0,0,0,0,0,0,0,40,66.7,0,0.0,3,10.7
11,11,10,11,2014-11-16,KAN,,SEA,W 24-20,*,5,3,37,12.3,0,60.0,7.4,0,0,0,,0,0,,0,0,0,,,,0,0,0.0,0,0,0,0,,0,0,0,0,0,1,1,0,0,0,0,46,95.8,0,0.0,4,19.0
12,12,11,12,2014-11-20,KAN,@,OAK,L 20-24,*,5,4,67,16.8,0,80.0,13.4,0,0,0,,0,0,,0,0,0,,,,0,0,0.0,0,0,0,0,,0,0,0,0,0,0,0,0,0,0,0,62,93.9,0,0.0,4,12.5
13,13,12,13,2014-11-30,KAN,,DEN,L 16-29,,3,3,36,12.0,0,100.0,12.0,0,0,0,,0,0,,0,0,0,,,,0,0,0.0,0,0,0,0,,0,0,0,0,0,0,0,0,0,0,0,37,82.2,0,0.0,2,6.3
14,14,13,14,2014-12-07,KAN,@,ARI,L 14-17,*,9,7,110,15.7,0,77.8,12.2,0,0,0,,0,0,,0,0,0,,,,0,0,0.0,0,0,0,0,,0,0,0,0,0,1,1,0,0,0,0,53,81.5,0,0.0,2,8.7
15,15,14,15,2014-12-14,KAN,,OAK,W 31-13,*,6,5,59,11.8,1,83.3,9.8,0,0,0,,0,0,,0,0,0,,,,0,0,0.0,0,0,0,0,,0,0,0,0,0,1,1,0,0,0,0,52,77.6,0,0.0,7,18.9
16,16,15,16,2014-12-21,KAN,@,PIT,L 12-20,*,7,4,31,7.8,0,57.1,4.4,0,0,0,,0,0,,0,0,0,,,,0,0,0.0,0,0,0,0,,0,0,0,0,0,0,0,0,0,0,0,53,80.3,0,0.0,5,22.7
17,17,16,17,2014-12-28,KAN,,SDG,W 19-7,*,8,7,84,12.0,0,87.5,10.5,0,0,0,,0,0,,0,0,0,,,,0,0,0.0,0,0,0,0,0,0,0,0,0,0,0,0,0,1,0,1,57,95.0,0,0.0,6,23.1
18,18,1,1,2015-09-13,KAN,@,HOU,W 27-20,*,6,6,106,17.7,2,100.0,17.7,0,0,0,,0,0,,0,0,0,,,,0,0,0.0,0,0,0,0,,0,0,0,0,0,0,0,0,0,0,0,56,80.0,0,0.0,5,14.7
19,19,2,2,2015-09-17,KAN,,DEN,L 24-31,*,5,4,58,14.5,0,80.0,11.6,0,0,0,,0,0,,0,0,0,,,,0,0,0.0,0,0,0,0,,0,0,0,0,0,0,0,0,0,0,0,60,93.8,0,0.0,4,12.9
20,20,3,3,2015-09-28,KAN,@,GNB,L 28-38,*,10,6,80,13.3,0,60.0,8.0,0,0,0,,0,0,,0,0,0,,,,0,0,0.0,0,0,0,0,,0,0,0,0,0,0,0,0,0,0,0,66,93.0,0,0.0,2,6.5
21,21,4,4,2015-10-04,KAN,@,CIN,L 21-36,*,7,5,49,9.8,0,71.4,7.0,0,0,0,,0,0,,0,0,0,,,,0,0,0.0,0,0,0,0,,0,0,0,0,0,1,1,0,0,0,0,70,93.3,0,0.0,7,23.3
22,22,5,5,2015-10-11,KAN,,CHI,L 17-18,*,6,3,35,11.7,0,50.0,5.8,0,0,0,,0,0,,0,0,0,,,,0,0,0.0,0,0,0,0,,0,0,0,0,0,0,0,0,0,0,0,54,93.1,0,0.0,5,17.9
23,23,6,6,2015-10-18,KAN,@,MIN,L 10-16,*,7,5,88,17.6,0,71.4,12.6,0,0,0,,0,0,,0,0,0,,,,0,0,0.0,0,0,0,0,,0,0,0,0,0,0,0,0,0,0,0,51,82.3,0,0.0,2,8.3
24,24,7,7,2015-10-25,KAN,,PIT,W 23-13,*,6,5,73,14.6,0,83.3,12.2,0,0,0,,0,0,,0,0,0,,,,0,0,0.0,0,0,0,0,,0,0,0,0,0,0,0,0,0,0,0,61,96.8,0,0.0,6,25.0
25,25,8,8,2015-11-01,KAN,,DET,W 45-10,*,8,6,49,8.2,1,75.0,6.1,0,0,0,,0,0,,0,0,0,,,,0,0,0.0,0,0,0,0,,0,0,0,0,0,0,0,0,0,0,0,55,84.6,0,0.0,6,20.0
26,26,9,10,2015-11-15,KAN,@,DEN,W 29-13,*,9,5,36,7.2,0,55.6,4.0,0,0,0,,0,0,,0,0,0,,,,0,0,0.0,0,0,0,0,,0,0,0,0,0,0,0,0,0,0,0,65,94.2,0,0.0,7,23.3
27,27,10,11,2015-11-22,KAN,@,SDG,W 33-3,*,7,5,46,9.2,0,71.4,6.6,0,0,0,,0,0,,0,0,0,,,,0,0,0.0,0,0,0,0,,0,0,0,0,0,0,0,0,0,0,0,63,100.0,0,0.0,7,25.0
28,28,11,12,2015-11-29,KAN,,BUF,W 30-22,*,7,4,69,17.3,1,57.1,9.9,0,0,0,,0,0,,0,0,0,,,,0,0,0.0,0,0,0,0,,0,0,0,0,0,0,0,0,0,0,0,60,96.8,0,0.0,7,24.1
29,29,12,13,2015-12-06,KAN,@,OAK,W 34-20,*,3,2,42,21.0,0,66.7,14.0,0,0,0,,0,0,,0,0,0,,,,0,0,0.0,0,0,0,0,,0,0,0,0,0,1,1,0,0,0,0,48,94.1,0,0.0,4,14.8
30,30,13,14,2015-12-13,KAN,,SDG,W 10-3,*,5,3,18,6.0,0,60.0,3.6,0,0,0,,0,0,,0,0,0,,,,0,0,0.0,0,0,0,0,,0,0,0,0,0,0,0,0,0,0,0,51,94.4,0,0.0,3,15.8
31,31,14,15,2015-12-20,KAN,@,BAL,W 34-14,*,7,6,73,12.2,0,85.7,10.4,0,0,0,,0,0,,0,0,0,,,,0,0,0.0,0,0,0,0,,0,0,0,0,0,0,0,0,0,0,0,48,85.7,0,0.0,6,20.7
32,32,15,16,2015-12-27,KAN,,CLE,W 17-13,*,8,6,43,7.2,1,75.0,5.4,0,0,0,,0,0,,0,0,0,,,,0,0,0.0,0,0,0,0,,0,0,0,0,0,0,0,0,0,0,0,53,98.1,0,0.0,2,8.7
33,33,16,17,2016-01-03,KAN,,OAK,W 23-17,*,2,1,10,10.0,0,50.0,5.0,0,0,0,,0,0,,0,0,0,,,,0,0,0.0,0,0,0,0,,0,0,0,0,0,0,0,0,0,0,0,62,95.4,0,0.0,5,17.2
34,34,1,1,2016-09-11,KAN,,SDG,W 33-27 (OT),*,7,6,74,12.3,0,85.7,10.6,0,0,0,,0,0,,0,0,0,,,,0,0,0.0,0,0,0,0,,0,0,0,0,0,0,0,0,0,0,0,62,87.3,0,0.0,5,14.7
35,35,2,2,2016-09-18,KAN,@,HOU,L 12-19,*,7,5,34,6.8,0,71.4,4.9,0,0,0,,0,0,,0,0,0,,,,0,0,0.0,0,0,0,0,,0,0,0,0,0,0,0,0,0,0,0,55,85.9,0,0.0,4,12.5
36,36,3,3,2016-09-25,KAN,,NYJ,W 24-3,*,7,6,89,14.8,1,85.7,12.7,0,0,0,,0,0,,0,0,0,,,,0,0,0.0,0,0,0,0,,0,0,0,0,0,0,0,0,0,0,0,58,92.1,0,0.0,4,22.2
37,37,4,4,2016-10-02,KAN,@,PIT,L 14-43,*,8,5,23,4.6,1,62.5,2.9,0,0,0,,0,0,,0,0,0,,,,0,0,0.0,0,0,0,0,,0,0,0,0,0,0,0,0,0,0,0,71,94.7,0,0.0,0,0.0
38,38,5,6,2016-10-16,KAN,@,OAK,W 26-10,*,3,3,32,10.7,0,100.0,10.7,0,0,0,,0,0,,0,0,0,,,,0,0,0.0,0,0,0,0,,0,0,0,0,0,0,0,0,0,0,0,55,85.9,0,0.0,1,4.3
39,39,6,7,2016-10-23,KAN,,NOR,W 27-21,*,3,2,24,12.0,0,66.7,8.0,0,0,0,,0,0,,0,0,0,,,,0,0,0.0,0,0,0,0,,0,0,0,0,0,0,0,0,0,0,0,47,90.4,0,0.0,0,0.0
40,40,7,8,2016-10-30,KAN,@,IND,W 30-14,*,10,7,101,14.4,1,70.0,10.1,0,0,0,,0,0,,0,0,0,,,,0,0,0.0,0,0,0,0,,0,0,0,0,0,0,0,0,0,0,0,67,90.5,0,0.0,0,0.0
41,41,8,9,2016-11-06,KAN,,JAX,W 19-14,*,7,5,58,11.6,0,71.4,8.3,0,0,0,,0,0,,0,0,0,,,,0,0,0.0,0,0,0,0,,0,0,0,0,0,0,0,0,0,0,0,43,74.1,0,0.0,0,0.0
42,42,9,10,2016-11-13,KAN,@,CAR,W 20-17,*,6,3,31,10.3,0,50.0,5.2,0,0,0,,0,0,,0,0,0,,,,0,0,0.0,0,0,0,0,,0,0,0,0,0,0,0,0,0,0,0,61,95.3,0,0.0,0,0.0
43,43,10,11,2016-11-20,KAN,,TAM,L 17-19,*,9,7,108,15.4,0,77.8,12.0,1,-5,0,-5.0,0,0,,0,0,0,,,,0,0,0.0,0,0,0,0,,0,0,0,0,0,0,0,0,0,0,0,44,83.0,0,0.0,0,0.0
44,44,11,12,2016-11-27,KAN,@,DEN,W 30-27 (OT),*,15,8,101,12.6,0,53.3,6.7,0,0,0,,0,0,,0,0,0,,,,0,0,0.0,0,0,0,0,,0,0,0,0,0,0,0,0,0,0,0,77,90.6,0,0.0,0,0.0
45,45,12,13,2016-12-04,KAN,@,ATL,W 29-28,*,8,8,140,17.5,0,100.0,17.5,0,0,0,,0,0,,0,0,0,,,,0,0,0.0,0,0,0,0,,0,0,0,0,0,0,0,0,0,0,0,39,79.6,0,0.0,0,0.0
46,46,13,14,2016-12-08,KAN,,OAK,W 21-13,*,8,5,101,20.2,0,62.5,12.6,0,0,0,,0,0,,0,0,0,,,,0,0,0.0,0,0,0,0,,0,0,0,0,0,0,0,0,0,0,0,41,74.5,0,0.0,0,0.0
47,47,14,15,2016-12-18,KAN,,TEN,L 17-19,*,5,3,41,13.7,0,60.0,8.2,0,0,0,,0,0,,0,0,0,,,,0,0,0.0,0,0,0,0,,0,0,0,0,0,0,0,0,0,0,0,49,84.5,0,0.0,0,0.0
48,48,15,16,2016-12-25,KAN,,DEN,W 33-10,*,12,11,160,14.5,1,91.7,13.3,0,0,0,,0,0,,0,0,0,,,,0,0,0.0,0,0,0,0,,0,0,0,0,0,0,0,0,0,0,0,70,92.1,0,0.0,0,0.0
49,49,16,17,2017-01-01,KAN,@,SDG,W 37-27,,2,1,8,8.0,0,50.0,4.0,0,0,0,,0,0,,0,0,0,,,,0,0,0.0,0,0,0,0,,0,0,0,0,0,0,0,0,0,0,0,47,77.0,0,0.0,0,0.0
50,50,1,1,2017-09-07,KAN,@,NWE,W 42-27,*,7,5,40,8.0,0,71.4,5.7,1,4,0,4.0,0,0,,0,0,0,,,,0,0,0.0,0,0,0,0,,0,0,0,0,0,0,0,0,0,0,0,67,98.5,0,0.0,0,0.0
51,51,2,2,2017-09-17,KAN,,PHI,W 27-20,*,10,8,103,12.9,1,80.0,10.3,0,0,0,,0,0,,0,0,0,,,,0,0,0.0,0,0,0,0,,0,0,0,0,0,0,0,0,0,0,0,51,96.2,0,0.0,0,0.0
52,52,3,3,2017-09-24,KAN,@,LAC,W 24-10,*,1,1,1,1.0,0,100.0,1.0,0,0,0,,0,0,,0,0,0,,,,0,0,0.0,0,0,0,0,,0,0,0,0,0,0,0,0,0,0,0,53,100.0,0,0.0,0,0.0
53,53,4,4,2017-10-02,KAN,,WAS,W 29-20,*,8,7,111,15.9,1,87.5,13.9,1,3,0,3.0,0,0,,0,0,0,,,,0,0,0.0,0,0,0,0,,0,0,0,0,0,0,0,0,0,0,0,71,93.4,0,0.0,0,0.0
54,54,5,5,2017-10-08,KAN,@,HOU,W 42-34,*,11,8,98,12.3,0,72.7,8.9,0,0,0,,0,0,,0,0,0,,,,0,0,0.0,0,0,0,0,,0,0,0,0,0,0,0,0,0,0,0,39,50.6,0,0.0,0,0.0
55,55,6,6,2017-10-15,KAN,,PIT,L 13-19,*,7,4,37,9.3,0,57.1,5.3,0,0,0,,0,0,,0,0,0,,,,0,0,0.0,0,0,0,0,,0,0,0,0,0,0,0,0,0,0,0,52,96.3,0,0.0,0,0.0
56,56,7,7,2017-10-19,KAN,@,OAK,L 30-31,*,5,4,33,8.3,1,80.0,6.6,0,0,0,,0,0,,0,0,0,,,,0,0,0.0,0,0,0,0,,0,0,0,0,0,0,0,0,0,0,0,58,93.5,0,0.0,0,0.0
57,57,8,8,2017-10-30,KAN,,DEN,W 29-19,*,10,7,133,19.0,1,70.0,13.3,0,0,0,,0,0,,0,0,0,,,,0,0,0.0,0,0,0,0,,0,0,0,0,0,0,0,0,0,0,0,58,93.5,0,0.0,0,0.0
58,58,9,9,2017-11-05,KAN,@,DAL,L 17-28,*,9,7,73,10.4,1,77.8,8.1,0,0,0,,0,0,,0,0,0,,,,0,0,0.0,0,0,0,0,,0,0,0,0,0,0,0,0,0,0,0,54,94.7,0,0.0,0,0.0
59,59,10,11,2017-11-19,KAN,@,NYG,L 9-12 (OT),*,14,8,109,13.6,0,57.1,7.8,0,0,0,,0,1,0.0,0,0,1,0.0,-45.00,0.0,0,0,0.0,0,0,0,0,,0,0,0,0,0,0,0,0,0,0,0,74,98.7,0,0.0,0,0.0
60,60,11,12,2017-11-26,KAN,,BUF,L 10-16,*,4,3,39,13.0,0,75.0,9.8,0,0,0,,0,0,,0,0,0,,,,0,0,0.0,0,0,0,0,,0,0,0,0,0,0,0,0,0,0,0,56,96.6,0,0.0,0,0.0
61,61,12,13,2017-12-03,KAN,@,NYJ,L 31-38,*,8,4,94,23.5,2,50.0,11.8,0,0,0,,0,0,,0,0,0,,,,0,0,0.0,0,0,0,0,,0,0,0,0,0,0,0,0,0,0,0,42,91.3,0,0.0,0,0.0
62,62,13,14,2017-12-10,KAN,,OAK,W 26-15,*,13,7,74,10.6,0,53.8,5.7,0,0,0,,0,0,,0,0,0,,,,0,0,0.0,0,0,0,0,,0,0,0,0,0,0,0,0,0,0,0,69,92.0,0,0.0,0,0.0
63,63,14,15,2017-12-16,KAN,,LAC,W 30-13,*,7,6,46,7.7,0,85.7,6.6,0,0,0,,0,0,,0,0,0,,,,0,0,0.0,0,0,0,0,0,0,0,0,0,1,0,0,0,0,0,0,60,90.9,1,1.6,0,0.0
64,64,15,16,2017-12-24,KAN,,MIA,W 29-13,*,8,4,47,11.8,1,50.0,5.9,0,0,0,,0,0,,0,0,0,,,,0,0,0.0,0,0,0,0,,0,0,0,0,0,0,0,0,0,0,0,68,86.1,0,0.0,0,0.0
65,65,1,1,2018-09-09,KAN,@,LAC,W 38-28,*,6,1,6,6.0,0,16.7,1.0,0,0,0,,0,0,,0,0,0,,,,0,0,0.0,0,0,0,0,,0,0,0,0,0,0,0,0,0,0,0,56,100.0,0,0.0,0,0.0
66,66,2,2,2018-09-16,KAN,@,PIT,W 42-37,*,10,7,109,15.6,2,70.0,10.9,0,0,0,,0,0,,0,0,0,,,,0,0,0.0,0,0,0,0,,0,0,0,0,0,0,0,0,0,0,0,57,98.3,0,0.0,0,0.0
67,67,3,3,2018-09-23,KAN,,SFO,W 38-27,*,10,8,114,14.3,0,80.0,11.4,0,0,0,,0,0,,0,0,0,,,,0,0,0.0,0,0,0,0,,0,0,0,0,0,0,0,0,0,0,0,71,94.7,0,0.0,0,0.0
68,68,4,4,2018-10-01,KAN,@,DEN,W 27-23,*,12,7,78,11.1,1,58.3,6.5,0,0,0,,0,0,,0,0,0,,,,0,0,0.0,0,0,0,0,,0,0,0,0,0,0,0,0,0,0,0,73,93.6,0,0.0,0,0.0
69,69,5,5,2018-10-07,KAN,,JAX,W 30-14,*,8,5,100,20.0,0,62.5,12.5,0,0,0,,0,0,,0,0,0,,,,0,0,0.0,0,0,0,0,0,0,0,0,0,0,0,0,0,0,0,0,66,94.3,0,0.0,0,0.0
70,70,6,6,2018-10-14,KAN,@,NWE,L 40-43,*,9,5,61,12.2,0,55.6,6.8,0,0,0,,0,0,,0,0,0,,,,0,0,0.0,0,0,0,0,,0,0,0,0,0,0,0,0,0,0,0,51,94.4,0,0.0,0,0.0
71,71,7,7,2018-10-21,KAN,,CIN,W 45-10,*,5,5,95,19.0,0,100.0,19.0,0,0,0,,0,0,,0,0,0,,,,0,0,0.0,0,0,0,0,,0,0,0,0,0,0,0,0,0,0,0,60,85.7,0,0.0,0,0.0
72,72,8,8,2018-10-28,KAN,,DEN,W 30-23,*,10,6,79,13.2,1,60.0,7.9,0,0,0,,0,0,,0,0,0,,,,0,0,0.0,0,0,0,0,0,0,0,0,0,0,0,0,0,0,0,0,55,94.8,0,0.0,0,0.0
73,73,9,9,2018-11-04,KAN,@,CLE,W 37-21,*,9,7,99,14.1,2,77.8,11.0,0,0,0,,0,0,,0,0,0,,,,0,0,0.0,0,0,0,0,,0,0,0,0,0,0,0,0,0,0,0,60,95.2,0,0.0,0,0.0
74,74,10,10,2018-11-11,KAN,,ARI,W 26-14,*,7,6,46,7.7,0,85.7,6.6,0,0,0,,0,0,,0,0,0,,,,0,0,0.0,0,0,0,0,,0,0,0,0,0,1,0,0,0,0,0,58,98.3,0,0.0,0,0.0
75,75,11,11,2018-11-19,KAN,@,LAR,L 51-54,*,15,10,127,12.7,1,66.7,8.5,0,0,0,,0,0,,0,0,0,,,,0,0,0.0,0,0,0,0,,0,0,0,0,0,0,0,0,0,0,0,72,100.0,0,0.0,0,0.0
76,76,12,13,2018-12-02,KAN,@,OAK,W 40-33,*,13,12,168,14.0,2,92.3,12.9,0,0,0,,0,0,,0,0,0,,,,0,0,0.0,0,0,0,0,,0,0,0,0,0,1,1,0,0,0,0,69,97.2,0,0.0,0,0.0
77,77,13,14,2018-12-09,KAN,,BAL,W 27-24 (OT),*,9,7,77,11.0,1,77.8,8.6,0,0,0,,0,0,,0,0,0,,,,0,0,0.0,0,0,0,0,,0,0,0,0,0,0,0,0,0,0,0,85,98.8,0,0.0,0,0.0
78,78,14,15,2018-12-13,KAN,,LAC,L 28-29,*,9,7,61,8.7,0,77.8,6.8,0,0,0,,0,0,,0,0,0,,,,0,0,0.0,0,0,0,0,,0,0,0,0,0,0,0,0,0,0,0,60,100.0,0,0.0,0,0.0
79,79,15,16,2018-12-23,KAN,@,SEA,L 31-38,*,9,5,54,10.8,0,55.6,6.0,0,0,0,,0,0,,0,0,0,,,,0,0,0.0,0,0,0,0,,0,0,0,0,0,0,0,0,0,0,0,60,98.4,0,0.0,0,0.0
80,80,16,17,2018-12-30,KAN,,OAK,W 35-3,*,9,5,62,12.4,0,55.6,6.9,0,0,0,,0,0,,0,0,0,,,,0,0,0.0,0,0,0,0,,0,0,0,0,0,0,0,0,0,0,0,40,74.1,0,0.0,0,0.0
81,81,1,1,2019-09-08,KAN,@,JAX,W 40-26,*,8,3,88,29.3,0,37.5,11.0,0,0,0,,0,0,,0,0,0,,,,0,0,0.0,0,0,0,0,0,0,0,0,0,0,0,0,0,0,0,0,50,73.5,0,0.0,0,0.0
82,82,2,2,2019-09-15,KAN,@,OAK,W 28-10,*,9,7,107,15.3,1,77.8,11.9,0,0,0,,0,0,,0,0,0,,,,0,0,0.0,0,0,0,0,0,0,0,0,0,0,0,0,0,0,0,0,64,85.3,0,0.0,0,0.0
83,83,3,3,2019-09-22,KAN,,BAL,W 33-28,*,8,7,89,12.7,0,87.5,11.1,0,0,0,,0,0,,0,0,0,,,,0,0,0.0,0,0,0,0,0,0,0,0,0,0,0,0,0,0,0,0,63,92.6,0,0.0,0,0.0
84,84,4,4,2019-09-29,KAN,@,DET,W 34-30,*,8,7,85,12.1,0,87.5,10.6,0,0,0,,0,0,,0,0,0,,,,0,0,0.0,0,0,0,0,0,0,0,0,0,0,0,0,0,0,0,0,66,97.1,1,1.3,0,0.0
85,85,5,5,2019-10-06,KAN,,IND,L 13-19,*,10,4,70,17.5,0,40.0,7.0,0,0,0,,0,0,,0,0,0,,,,0,0,0.0,0,0,0,0,0,0,0,0,0,0,0,0,0,0,0,0,56,91.8,0,0.0,0,0.0
86,86,6,6,2019-10-13,KAN,,HOU,L 24-31,*,6,4,58,14.5,0,66.7,9.7,0,0,0,,0,0,,0,0,0,,,,0,0,0.0,0,0,0,0,0,0,0,0,0,0,0,0,0,0,0,0,53,96.4,0,0.0,0,0.0
87,87,7,7,2019-10-17,KAN,@,DEN,W 30-6,*,8,6,44,7.3,0,75.0,5.5,0,0,0,,0,0,,0,0,0,,,,0,0,0.0,0,0,0,0,0,0,0,0,0,0,0,0,0,0,0,0,55,90.2,0,0.0,0,0.0
88,88,8,8,2019-10-27,KAN,,GNB,L 24-31,*,8,4,63,15.8,1,50.0,7.9,0,0,0,,0,0,,0,0,0,,,,0,0,0.0,0,0,0,0,0,0,0,0,0,0,0,0,0,0,0,0,59,100.0,0,0.0,0,0.0
89,89,9,9,2019-11-03,KAN,,MIN,W 26-23,*,9,7,62,8.9,0,77.8,6.9,0,0,0,,0,0,,0,0,0,,,,0,0,0.0,0,0,0,0,0,0,0,0,0,0,0,0,0,0,0,0,57,96.6,0,0.0,0,0.0
90,90,10,10,2019-11-10,KAN,@,TEN,L 32-35,*,7,7,75,10.7,1,100.0,10.7,0,0,0,,0,0,,0,0,0,,,,0,0,0.0,0,0,0,0,0,0,0,0,0,0,0,0,0,0,0,0,78,95.1,0,0.0,0,0.0
91,91,11,11,2019-11-18,KAN,@,LAC,W 24-17,*,10,7,92,13.1,1,70.0,9.2,0,0,0,,0,0,,0,0,0,,,,0,0,0.0,0,0,0,0,0,0,0,0,0,0,0,0,0,0,0,0,64,95.5,0,0.0,0,0.0
92,92,12,13,2019-12-01,KAN,,OAK,W 40-9,*,9,5,90,18.0,0,55.6,10.0,0,0,0,,0,0,,0,0,0,,,,0,0,0.0,0,0,0,0,0,0,0,0,0,0,0,0,0,0,0,0,59,90.8,0,0.0,0,0.0
93,93,13,14,2019-12-08,KAN,@,NWE,W 23-16,*,9,7,66,9.4,0,77.8,7.3,1,4,1,4.0,0,0,,0,0,0,,,,0,0,0.0,0,0,0,0,0,0,0,0,0,0,1,1,0,0,0,0,76,98.7,0,0.0,0,0.0
94,94,14,15,2019-12-15,KAN,,DEN,W 23-3,*,13,11,142,12.9,0,84.6,10.9,0,0,0,,0,0,,0,0,0,,,,0,0,0.0,0,0,0,0,0,0,0,0,0,0,0,0,0,0,0,0,62,91.2,0,0.0,0,0.0
95,95,15,16,2019-12-22,KAN,@,CHI,W 26-3,*,9,8,74,9.3,1,88.9,8.2,0,0,0,,0,0,,0,0,0,,,,0,0,0.0,0,0,0,0,0,0,0,0,0,0,0,0,0,0,0,0,61,92.4,0,0.0,0,0.0
96,96,16,17,2019-12-29,KAN,,LAC,W 31-21,*,5,3,24,8.0,0,60.0,4.8,0,0,0,,0,0,,0,0,0,,,,0,0,0.0,0,0,0,0,0,0,0,0,0,0,0,0,0,0,0,0,48,94.1,0,0.0,0,0.0
97,97,1,1,2020-09-10,KAN,,HOU,W 34-20,*,6,6,50,8.3,1,100.0,8.3,0,0,0,,0,0,,0,0,0,,,,0,0,0.0,0,0,0,0,0,0,0,0,0,0,0,0,0,0,0,0,61,88.4,0,0.0,0,0.0
98,98,2,2,2020-09-20,KAN,@,LAC,W 23-20 (OT),*,14,9,90,10.0,1,64.3,6.4,0,0,0,,0,0,,0,0,0,,,,0,0,0.0,0,0,0,0,0,0,0,0,0,0,0,0,0,0,0,0,74,96.1,1,1.2,0,0.0
99,99,3,3,2020-09-28,KAN,@,BAL,W 34-20,*,7,6,87,14.5,0,85.7,12.4,0,0,0,,0,0,,0,0,0,,,,0,0,0.0,0,0,0,0,0,0,0,0,0,0,0,0,0,0,0,0,61,81.3,0,0.0,0,0.0
100,100,4,4,2020-10-05,KAN,,NWE,W 26-10,*,7,3,70,23.3,0,42.9,10.0,0,0,0,,0,0,,0,0,0,,,,0,0,0.0,0,0,0,0,0,0,0,0,0,0,0,0,0,0,0,0,43,76.8,0,0.0,0,0.0
101,101,5,5,2020-10-11,KAN,,LVR,L 32-40,*,12,8,108,13.5,1,66.7,9.0,0,0,0,,0,0,,0,0,0,,,,0,0,0.0,0,0,0,0,0,0,0,0,0,0,0,0,0,0,0,0,64,88.9,0,0.0,0,0.0
102,102,6,6,2020-10-19,KAN,@,BUF,W 26-17,*,7,5,65,13.0,2,71.4,9.3,0,0,0,,0,0,,0,0,0,,,,0,0,0.0,0,0,0,0,0,0,0,0,0,0,1,1,0,0,0,0,65,89.0,0,0.0,0,0.0
103,103,7,7,2020-10-25,KAN,@,DEN,W 43-16,*,3,3,31,10.3,0,100.0,10.3,0,0,0,,0,0,,0,0,0,,,,0,0,0.0,0,0,0,0,0,0,0,0,0,0,0,0,0,0,0,0,40,78.4,0,0.0,0,0.0
104,104,8,8,2020-11-01,KAN,,NYJ,W 35-9,*,12,8,109,13.6,1,66.7,9.1,0,0,0,,0,0,,0,0,0,,,,0,0,0.0,0,0,0,0,0,0,0,0,0,0,0,0,0,0,0,0,50,75.8,0,0.0,0,0.0
105,105,9,9,2020-11-08,KAN,,CAR,W 33-31,*,12,10,159,15.9,0,83.3,13.3,0,0,0,,0,0,,0,0,0,,,,0,0,0.0,0,0,0,0,0,0,0,0,0,0,0,0,0,0,0,0,57,91.9,0,0.0,0,0.0
106,106,10,11,2020-11-22,KAN,@,LVR,W 35-31,*,10,8,127,15.9,1,80.0,12.7,0,0,0,,1,1,100.0,4,0,0,4.0,4.00,83.3,0,0,0.0,0,0,0,0,0,0,0,0,0,0,0,0,0,0,0,0,69,88.5,0,0.0,0,0.0
107,107,11,12,2020-11-29,KAN,@,TAM,W 27-24,*,8,8,82,10.3,0,100.0,10.3,0,0,0,,0,1,0.0,0,0,0,0.0,0.00,39.6,0,0,0.0,0,0,0,0,0,0,0,0,0,0,0,0,0,0,0,0,68,86.1,0,0.0,0,0.0
108,108,12,13,2020-12-06,KAN,,DEN,W 22-16,*,12,8,136,17.0,1,66.7,11.3,0,0,0,,0,0,,0,0,0,,,,0,0,0.0,0,0,0,0,0,0,0,0,0,0,0,0,0,0,0,0,57,89.1,0,0.0,0,0.0
109,109,13,14,2020-12-13,KAN,@,MIA,W 33-27,*,10,8,136,17.0,1,80.0,13.6,0,0,0,,0,0,,0,0,0,,,,0,0,0.0,0,0,0,0,0,0,0,0,0,0,0,0,0,0,0,0,56,90.3,0,0.0,0,0.0
110,110,14,15,2020-12-20,KAN,@,NOR,W 32-29,*,12,8,68,8.5,1,66.7,5.7,0,0,0,,0,0,,0,0,0,,,,0,0,0.0,0,0,0,0,0,0,0,0,0,0,0,0,0,0,0,0,78,79.6,0,0.0,0,0.0
111,111,15,16,2020-12-27,KAN,,ATL,W 17-14,*,13,7,98,14.0,1,53.8,7.5,0,0,0,,0,0,,0,0,0,,,,0,0,0.0,0,0,0,0,0,0,0,0,0,0,0,0,0,0,0,0,56,83.6,0,0.0,0,0.0
112,112,1,1,2021-09-12,KAN,,CLE,W 33-29,*,7,6,76,12.7,2,85.7,10.9,0,0,0,,0,0,,0,0,0,,,,0,0,0.0,0,0,0,0,0,0,0,0,0,0,0,0,0,0,0,0,55,84.6,0,0.0,0,0.0
113,113,2,2,2021-09-19,KAN,@,BAL,L 35-36,*,8,7,109,15.6,1,87.5,13.6,0,0,0,,0,0,,0,0,0,,,,0,0,0.0,0,0,0,0,0,0,0,0,0,0,0,0,0,0,0,0,44,86.3,0,0.0,0,0.0
114,114,3,3,2021-09-26,KAN,,LAC,L 24-30,*,11,7,104,14.9,0,63.6,9.5,0,0,0,,0,0,,0,0,0,,,,0,0,0.0,0,0,0,0,0,0,0,0,0,0,0,0,0,0,0,0,69,87.3,0,0.0,0,0.0
115,115,4,4,2021-10-03,KAN,@,PHI,W 42-30,*,6,4,23,5.8,0,66.7,3.8,0,0,0,,0,0,,0,0,0,,,,0,0,0.0,0,0,0,0,0,0,0,0,0,0,0,0,0,0,0,0,59,88.1,0,0.0,0,0.0
116,116,5,5,2021-10-10,KAN,,BUF,L 20-38,*,10,6,57,9.5,1,60.0,5.7,0,0,0,,0,0,,0,0,0,,,,0,0,0.0,0,0,0,0,0,0,0,0,0,0,0,0,0,0,0,0,75,87.2,0,0.0,0,0.0
117,117,6,6,2021-10-17,KAN,@,WAS,W 31-13,*,11,8,99,12.4,0,72.7,9.0,0,0,0,,0,0,,0,0,0,,,,0,0,0.0,0,0,0,0,0,0,0,0,0,0,0,0,0,0,0,0,67,81.7,0,0.0,0,0.0
118,118,7,7,2021-10-24,KAN,@,TEN,L 3-27,*,12,7,65,9.3,0,58.3,5.4,0,0,0,,0,0,,0,0,0,,,,0,0,0.0,0,0,0,0,0,0,0,0,0,0,0,0,0,0,0,0,53,73.6,0,0.0,0,0.0
119,119,8,8,2021-11-01,KAN,,NYG,W 20-17,*,6,4,27,6.8,0,66.7,4.5,0,0,0,,0,0,,0,0,0,,,,0,0,0.0,0,0,0,0,0,0,0,0,0,0,1,1,0,0,0,0,74,91.4,0,0.0,0,0.0
120,120,9,9,2021-11-07,KAN,,GNB,W 13-7,*,8,5,68,13.6,1,62.5,8.5,0,0,0,,0,0,,0,0,0,,,,0,0,0.0,0,0,0,0,0,0,0,0,0,0,0,0,0,0,0,0,56,86.2,0,0.0,0,0.0
121,121,10,10,2021-11-14,KAN,@,LVR,W 41-14,*,10,8,119,14.9,0,80.0,11.9,0,0,0,,0,0,,0,0,0,,,,0,0,0.0,0,0,0,0,0,0,0,0,0,0,0,0,0,0,0,0,58,76.3,0,0.0,0,0.0
122,122,11,11,2021-11-21,KAN,,DAL,W 19-9,*,8,5,74,14.8,0,62.5,9.3,1,4,1,4.0,0,0,,0,0,0,,,,0,0,0.0,0,0,0,0,0,0,0,0,0,0,0,0,0,0,0,0,59,86.8,0,0.0,0,0.0
123,123,12,13,2021-12-05,KAN,,DEN,W 22-9,*,8,3,27,9.0,0,37.5,3.4,0,0,0,,0,0,,0,0,0,,,,0,0,0.0,0,0,0,0,0,0,0,0,0,0,0,0,0,0,0,0,44,77.2,0,0.0,0,0.0
124,124,13,14,2021-12-12,KAN,,LVR,W 48-9,*,4,3,27,9.0,0,75.0,6.8,0,0,0,,0,0,,0,0,0,,,,0,0,0.0,0,0,0,0,0,0,0,0,0,0,0,0,0,0,0,0,49,74.2,0,0.0,0,0.0
125,125,14,15,2021-12-16,KAN,@,LAC,W 34-28 (OT),*,13,10,191,19.1,2,76.9,14.7,0,0,0,,0,0,,0,0,0,,,,0,0,0.0,0,0,0,0,0,0,0,0,0,0,0,0,0,0,0,0,56,77.8,0,0.0,0,0.0
126,126,16,17,2022-01-02,KAN,@,CIN,L 31-34,*,7,5,25,5.0,1,71.4,3.6,1,-1,0,-1.0,0,0,,0,0,0,,,,0,0,0.0,0,0,0,0,0,0,0,0,0,0,0,0,0,0,0,0,48,78.7,0,0.0,0,0.0
127,127,17,18,2022-01-08,KAN,@,DEN,W 28-24,*,5,4,34,8.5,1,80.0,6.8,0,0,0,,0,0,,0,0,0,,,,0,0,0.0,0,0,0,0,0,0,0,0,0,0,0,0,0,0,0,0,60,76.9,0,0.0,0,0.0
128,128,1,1,2022-09-11,KAN,@,ARI,W 44-21,*,9,8,121,15.1,1,88.9,13.4,0,0,0,,0,0,,0,0,0,,,,0,0,0.0,0,0,0,0,0,0,0,0,0,0,0,0,0,0,0,0,45,64.3,0,0.0,0,0.0
129,129,2,2,2022-09-15,KAN,,LAC,W 27-24,*,7,5,51,10.2,0,71.4,7.3,0,0,0,,0,0,,0,0,0,,,,0,0,0.0,0,0,0,0,0,0,0,0,0,0,0,0,0,0,0,0,51,89.5,0,0.0,0,0.0
130,130,3,3,2022-09-25,KAN,@,IND,L 17-20,*,8,4,58,14.5,1,50.0,7.3,1,1,0,1.0,0,0,,0,0,0,,,,0,0,0.0,1,1,0,0,0,0,0,0,0,0,0,0,0,0,0,0,56,88.9,0,0.0,0,0.0
131,131,4,4,2022-10-02,KAN,@,TAM,W 41-31,*,10,9,92,10.2,1,90.0,9.2,0,0,0,,0,0,,0,0,0,,,,0,0,0.0,0,0,0,0,0,0,0,0,0,0,0,0,0,0,0,0,65,81.3,0,0.0,0,0.0
132,132,5,5,2022-10-10,KAN,,LVR,W 30-29,*,8,7,25,3.6,4,87.5,3.1,0,0,0,,0,0,,0,0,0,,,,0,0,0.0,0,0,0,0,0,0,0,0,0,0,0,0,0,0,0,0,56,77.8,0,0.0,0,0.0
133,133,6,6,2022-10-16,KAN,,BUF,L 20-24,*,10,8,108,13.5,0,80.0,10.8,1,4,0,4.0,0,0,,0,0,0,,,,0,0,0.0,0,0,0,0,0,0,0,0,0,0,0,0,0,0,0,0,52,77.6,0,0.0,0,0.0
134,134,7,7,2022-10-23,KAN,@,SFO,W 44-23,*,8,6,98,16.3,0,75.0,12.3,0,0,0,,0,0,,0,0,0,,,,0,0,0.0,0,0,0,0,0,0,0,0,0,0,0,0,0,0,0,0,50,78.1,0,0.0,0,0.0
135,135,8,9,2022-11-06,KAN,,TEN,W 20-17 (OT),*,17,10,106,10.6,0,58.8,6.2,0,0,0,,0,0,,0,0,0,,,,0,0,0.0,1,1,0,0,0,0,0,0,0,0,0,0,0,0,0,0,83,83.0,0,0.0,0,0.0
136,136,9,10,2022-11-13,KAN,,JAX,W 27-17,*,7,6,81,13.5,1,85.7,11.6,0,0,0,,0,0,,0,0,0,,,,0,0,0.0,0,0,0,0,0,0,0,0,0,0,0,0,0,0,0,0,46,73.0,0,0.0,0,0.0
137,137,10,11,2022-11-20,KAN,@,LAC,W 30-27,*,10,6,115,19.2,3,60.0,11.5,0,0,0,,0,0,,0,0,0,,,,0,0,0.0,0,0,0,0,0,0,0,0,0,0,0,0,0,0,0,0,51,78.5,0,0.0,0,0.0
138,138,11,12,2022-11-27,KAN,,LAR,W 26-10,*,8,4,57,14.3,1,50.0,7.1,0,0,0,,0,0,,0,0,0,,,,0,0,0.0,0,0,0,0,0,0,0,0,0,0,0,0,0,0,0,0,63,82.9,0,0.0,0,0.0
139,139,12,13,2022-12-04,KAN,@,CIN,L 24-27,*,6,4,56,14.0,0,66.7,9.3,0,0,0,,0,0,,0,0,0,,,,0,0,0.0,0,0,0,0,0,0,0,0,0,0,1,1,0,0,0,0,45,81.8,0,0.0,0,0.0
140,140,13,14,2022-12-11,KAN,@,DEN,W 34-28,*,9,4,71,17.8,0,44.4,7.9,0,0,0,,0,0,,0,0,0,,,,0,0,0.0,0,0,0,0,0,0,0,0,0,0,0,0,0,0,0,0,55,80.9,0,0.0,0,0.0
141,141,14,15,2022-12-18,KAN,@,HOU,W 30-24 (OT),*,10,10,105,10.5,0,100.0,10.5,0,0,0,,0,0,,0,0,0,,,,0,0,0.0,0,0,0,0,0,0,0,0,0,0,0,0,0,0,0,0,58,75.3,0,0.0,0,0.0
142,142,15,16,2022-12-24,KAN,,SEA,W 24-10,*,8,6,113,18.8,0,75.0,14.1,0,0,0,,0,0,,0,0,0,,,,0,0,0.0,0,0,0,0,0,0,0,0,0,0,0,0,0,0,0,0,43,81.1,0,0.0,0,0.0
143,143,16,17,2023-01-01,KAN,,DEN,W 27-24,*,10,7,43,6.1,0,70.0,4.3,0,0,0,,0,0,,0,0,0,,,,0,0,0.0,0,0,0,0,0,0,0,0,0,0,0,0,0,0,0,0,52,86.7,0,0.0,0,0.0
144,144,17,18,2023-01-07,KAN,@,LVR,W 31-13,*,7,6,38,6.3,0,85.7,5.4,0,0,0,,0,0,,0,0,0,,,,0,0,0.0,0,0,0,0,0,0,0,0,0,0,0,0,0,0,0,0,43,72.9,0,0.0,0,0.0
145,145,2,2,2023-09-17,KAN,@,JAX,W 17-9,*,9,4,26,6.5,1,44.4,2.9,0,0,0,,0,0,,0,0,0,,,,0,0,0.0,0,0,0,0,0,0,0,0,0,0,0,0,0,0,0,0,43,64.2,0,0.0,0,0.0
146,146,3,3,2023-09-24,KAN,,CHI,W 41-10,*,8,7,69,9.9,1,87.5,8.6,0,0,0,,0,0,,0,0,0,,,,0,0,0.0,0,0,0,0,0,0,0,0,0,0,0,0,0,0,0,0,47,61.0,0,0.0,0,0.0
147,147,4,4,2023-10-01,KAN,@,NYJ,W 23-20,*,9,6,60,10.0,0,66.7,6.7,0,0,0,,0,0,,0,0,0,,,,0,0,0.0,0,0,0,0,0,0,0,0,0,0,0,0,0,0,0,0,55,78.6,0,0.0,0,0.0
148,148,5,5,2023-10-08,KAN,@,MIN,W 27-20,*,11,10,67,6.7,1,90.9,6.1,0,0,0,,0,0,,0,0,0,,,,0,0,0.0,0,0,0,0,0,0,0,0,0,0,0,0,0,0,0,0,39,59.1,1,1.4,0,0.0
149,149,6,6,2023-10-12,KAN,,DEN,W 19-8,*,9,9,124,13.8,0,100.0,13.8,0,0,0,,0,0,,0,0,0,,,,0,0,0.0,0,0,0,0,0,0,0,0,0,0,0,0,0,0,0,0,49,69.0,0,0.0,0,0.0
150,150,7,7,2023-10-22,KAN,,LAC,W 31-17,*,13,12,179,14.9,1,92.3,13.8,0,0,0,,0,0,,0,0,0,,,,0,0,0.0,0,0,0,0,0,0,0,0,0,0,0,0,0,0,0,0,51,75.0,0,0.0,0,0.0
151,151,8,8,2023-10-29,KAN,@,DEN,L 9-24,*,9,6,58,9.7,0,66.7,6.4,0,0,0,,0,0,,0,0,0,,,,0,0,0.0,0,0,0,0,0,0,0,0,0,0,0,0,0,0,0,0,52,85.2,0,0.0,0,0.0
152,152,9,9,2023-11-05,KAN,,MIA,W 21-14,*,4,3,14,4.7,0,75.0,3.5,0,0,0,,0,0,,0,0,0,,,,0,0,0.0,0,0,0,0,0,0,0,0,0,0,0,0,0,0,0,0,46,76.7,0,0.0,0,0.0
153,153,10,11,2023-11-20,KAN,,PHI,L 17-21,*,9,7,44,6.3,1,77.8,4.9,0,0,0,,0,0,,0,0,0,,,,0,0,0.0,0,0,0,0,0,0,0,0,0,0,1,1,0,0,0,0,74,93.7,0,0.0,0,0.0
154,154,11,12,2023-11-26,KAN,@,LVR,W 31-17,*,7,6,91,15.2,0,85.7,13.0,0,0,0,,0,0,,0,0,0,,,,0,0,0.0,0,0,0,0,0,0,0,0,0,0,0,0,0,0,0,0,46,76.7,0,0.0,0,0.0
155,155,12,13,2023-12-03,KAN,@,GNB,L 19-27,*,5,4,81,20.3,0,80.0,16.2,0,0,0,,0,0,,0,0,0,,,,0,0,0.0,0,0,0,0,0,0,0,0,0,0,0,0,0,0,0,0,59,88.1,0,0.0,0,0.0
156,156,13,14,2023-12-10,KAN,,BUF,L 17-20,*,10,6,83,13.8,0,60.0,8.3,0,0,0,,0,0,,0,0,0,,,,0,0,0.0,0,0,0,0,0,0,0,0,0,0,0,0,0,0,0,0,59,89.4,1,1.3,0,0.0
157,157,14,15,2023-12-17,KAN,@,NWE,W 27-17,*,7,5,28,5.6,0,71.4,4.0,0,0,0,,0,0,,0,0,0,,,,0,0,0.0,0,0,0,0,0,0,0,0,0,0,0,0,0,0,0,0,50,76.9,0,0.0,0,0.0
158,158,15,16,2023-12-25,KAN,,LVR,L 14-20,*,7,5,44,8.8,0,71.4,6.3,0,0,0,,0,0,,0,0,0,,,,0,0,0.0,0,0,0,0,0,0,0,0,0,0,0,0,0,0,0,0,61,80.3,0,0.0,0,0.0
159,159,16,17,2023-12-31,KAN,,CIN,W 25-17,*,4,3,16,5.3,0,75.0,4.0,0,0,0,,0,0,,0,0,0,,,,0,0,0.0,0,0,0,0,0,0,0,0,0,0,0,0,0,0,0,0,44,81.5,0,0.0,0,0.0
160,160,1,1,2024-09-05,KAN,,BAL,W 27-20,*,4,3,34,11.3,0,75.0,8.5,0,0,0,,0,0,,0,0,0,,,,0,0,0.0,0,0,0,0,0,0,0,0,0,0,0,0,0,0,0,0,48,88.9,0,0.0,0,0.0
161,161,2,2,2024-09-15,KAN,,CIN,W 26-25,*,3,1,5,5.0,0,33.3,1.7,1,1,0,1.0,0,0,,0,0,0,,,,0,0,0.0,0,0,0,0,0,0,0,0,0,0,0,0,0,0,0,0,59,90.8,0,0.0,0,0.0
162,162,3,3,2024-09-22,KAN,@,ATL,W 22-17,*,5,4,30,7.5,0,80.0,6.0,0,0,0,,0,0,,0,0,0,,,,0,0,0.0,0,0,0,0,0,0,0,0,0,0,0,0,0,0,0,0,57,77.0,0,0.0,0,0.0
163,163,4,4,2024-09-29,KAN,@,LAC,W 17-10,*,9,7,89,12.7,0,77.8,9.9,0,0,0,,0,0,,0,0,0,,,,0,0,0.0,0,0,0,0,0,0,0,0,0,0,0,0,0,0,0,0,54,87.1,0,0.0,0,0.0
164,164,5,5,2024-10-07,KAN,,NOR,W 26-13,*,10,9,70,7.8,0,90.0,7.0,0,0,0,,0,0,,0,0,0,,,,0,0,0.0,0,0,0,0,0,0,0,0,0,0,0,0,0,0,0,0,65,77.4,0,0.0,0,0.0
165,165,6,7,2024-10-20,KAN,@,SFO,W 28-18,*,5,4,17,4.3,0,80.0,3.4,0,0,0,,0,0,,0,0,0,,,,0,0,0.0,0,0,0,0,0,0,0,0,0,0,0,0,0,0,0,0,54,77.1,0,0.0,0,0.0
166,166,7,8,2024-10-27,KAN,@,LVR,W 27-20,*,12,10,90,9.0,1,83.3,7.5,0,0,0,,0,0,,0,0,0,,,,0,0,0.0,0,0,0,0,0,0,0,0,0,0,1,0,0,0,0,0,57,79.2,0,0.0,0,0.0
167,167,8,9,2024-11-04,KAN,,TAM,W 30-24 (OT),*,16,14,100,7.1,0,87.5,6.3,0,0,0,,0,0,,0,0,0,,,,0,0,0.0,0,0,0,0,0,0,0,0,0,0,1,1,0,0,0,0,71,83.5,0,0.0,0,0.0
168,168,9,10,2024-11-10,KAN,,DEN,W 16-14,*,12,8,64,8.0,1,66.7,5.3,0,0,0,,0,0,,0,0,0,,,,0,0,0.0,0,0,0,0,0,0,0,0,0,0,0,0,0,0,0,0,57,83.8,0,0.0,0,0.0
169,169,10,11,2024-11-17,KAN,@,BUF,L 21-30,*,4,2,8,4.0,0,50.0,2.0,0,0,0,,0,0,,0,0,0,,,,0,0,0.0,0,0,0,0,0,0,0,0,0,0,0,0,0,0,0,0,44,80.0,0,0.0,0,0.0
170,170,11,12,2024-11-24,KAN,@,CAR,W 30-27,*,8,6,62,10.3,0,75.0,7.8,0,0,0,,0,0,,0,0,0,,,,0,0,0.0,0,0,0,0,0,0,0,0,0,0,0,0,0,0,0,0,66,89.2,0,0.0,0,0.0
171,171,12,13,2024-11-29,KAN,,LVR,W 19-17,*,13,7,68,9.7,0,53.8,5.2,0,0,0,,0,0,,0,0,0,,,,0,0,0.0,0,0,0,0,0,0,0,0,0,0,0,0,0,0,0,0,64,90.1,0,0.0,0,0.0
172,172,13,14,2024-12-08,KAN,,LAC,W 19-17,*,6,5,45,9.0,0,83.3,7.5,0,0,0,,0,0,,0,0,0,,,,0,0,0.0,0,0,0,0,0,0,0,0,0,0,0,0,0,0,0,0,57,82.6,0,0.0,0,0.0
173,173,14,15,2024-12-15,KAN,@,CLE,W 21-7,*,8,4,27,6.8,0,50.0,3.4,0,0,0,,0,0,,0,0,0,,,,0,0,0.0,0,0,0,0,0,0,0,0,0,0,0,0,0,0,0,0,67,89.3,0,0.0,0,0.0
174,174,15,16,2024-12-21,KAN,,HOU,W 27-19,*,7,5,30,6.0,0,71.4,4.3,0,0,0,,0,0,,0,0,0,,,,0,0,0.0,0,0,0,0,0,0,0,0,0,0,0,0,0,0,0,0,65,87.8,0,0.0,0,0.0
175,175,16,17,2024-12-25,KAN,@,PIT,W 29-10,*,11,8,84,10.5,1,72.7,7.6,0,0,0,,0,0,,0,0,0,,,,0,0,0.0,0,0,0,0,0,0,0,0,0,0,0,0,0,0,0,0,55,88.7,0,0.0,0,0.0
1,1,1,1,2014-09-04,GNB,@,SEA,L 16-36,,0,0,0,,0,,,0,0,0,,0,0,0,0,,,,0.0,0,0,0,0,,0,0,0,0,0,0,0,9,14.5,0,0.0,9,33.3
2,2,2,2,2014-09-14,GNB,,NYJ,W 31-24,,7,5,50,10.0,0,71.4,7.1,0,0,0,,0,0,0,0,0,0,0,0.0,0,0,0,0,,0,0,0,0,0,0,0,36,50.7,0,0.0,7,23.3
3,3,3,3,2014-09-21,GNB,@,DET,L 7-19,,3,2,11,5.5,0,66.7,3.7,0,0,0,,0,0,0,0,0,0,0,0.0,0,0,0,0,,0,0,0,0,0,0,0,34,64.2,0,0.0,0,0.0
4,4,4,4,2014-09-28,GNB,@,CHI,W 38-17,,3,2,18,9.0,0,66.7,6.0,0,0,0,,0,0,0,0,0,0,0,0.0,0,0,0,0,,0,0,0,0,0,0,0,37,71.2,0,0.0,0,0.0
5,5,5,5,2014-10-02,GNB,,MIN,W 42-10,*,4,1,11,11.0,1,25.0,2.8,0,0,0,,0,0,0,0,0,0,0,0.0,0,0,0,0,,0,0,0,0,0,0,0,44,81.5,0,0.0,0,0.0
6,6,6,6,2014-10-12,GNB,@,MIA,W 27-24,*,8,6,77,12.8,0,75.0,9.6,0,0,0,,0,0,0,0,0,0,0,0.0,0,0,0,0,,0,0,0,0,0,0,0,62,77.5,0,0.0,0,0.0
7,7,7,7,2014-10-19,GNB,,CAR,W 38-17,*,1,1,21,21.0,1,100.0,21.0,0,0,0,,0,0,0,0,0,0,0,0.0,0,0,0,0,,0,0,0,0,0,0,0,46,79.3,0,0.0,9,28.1
8,8,8,8,2014-10-26,GNB,@,NOR,L 23-44,*,9,7,75,10.7,0,77.8,8.3,0,0,0,,0,0,0,0,0,0,0,0.0,0,0,0,0,0,0,0,0,0,0,0,0,65,95.6,0,0.0,1,3.7
9,9,9,10,2014-11-09,GNB,,CHI,W 55-14,,2,1,10,10.0,0,50.0,5.0,0,0,0,,0,0,0,0,0,0,0,0.0,0,0,0,0,,0,0,0,0,0,0,0,38,56.7,0,0.0,17,53.1
10,10,10,11,2014-11-16,GNB,,PHI,W 53-20,*,2,2,13,6.5,1,100.0,6.5,0,0,0,,0,0,0,0,0,0,0,0.0,0,0,0,0,,0,0,0,0,0,0,0,43,63.2,0,0.0,5,14.7
11,11,11,12,2014-11-23,GNB,@,MIN,W 24-21,*,4,1,10,10.0,0,25.0,2.5,0,0,0,,0,0,0,0,0,0,0,0.0,0,0,0,0,,0,0,0,0,0,0,0,46,70.8,0,0.0,0,0.0
12,12,12,13,2014-11-30,GNB,,NWE,W 26-21,*,11,6,121,20.2,0,54.5,11.0,0,0,0,,0,0,0,0,0,0,0,0.0,0,0,0,0,,0,0,0,0,0,0,0,59,80.8,0,0.0,0,0.0
13,13,13,14,2014-12-08,GNB,,ATL,W 43-37,*,4,1,6,6.0,0,25.0,1.5,0,0,0,,0,0,0,0,0,0,0,0.0,0,0,0,0,,0,0,0,0,0,0,0,49,72.1,0,0.0,0,0.0
14,14,14,15,2014-12-14,GNB,@,BUF,L 13-21,*,4,1,6,6.0,0,25.0,1.5,0,0,0,,0,0,0,0,0,0,0,0.0,0,0,0,0,0,0,0,0,0,0,0,0,64,90.1,0,0.0,0,0.0
15,15,15,16,2014-12-21,GNB,@,TAM,W 20-3,*,4,2,17,8.5,0,50.0,4.3,0,0,0,,0,0,0,0,0,0,0,0.0,0,0,0,0,,0,0,0,0,0,0,0,46,62.2,0,0.0,0,0.0
16,16,16,17,2014-12-28,GNB,,DET,W 30-20,*,0,0,0,,0,,,0,0,0,,0,0,0,0,,,,0.0,0,0,0,0,,0,0,0,0,0,0,0,60,90.9,0,0.0,0,0.0
17,17,1,1,2015-09-13,GNB,@,CHI,W 31-23,*,8,4,59,14.8,0,50.0,7.4,0,0,0,,0,0,0,0,0,0,0,0.0,0,0,0,0,,0,0,0,0,0,0,0,57,96.6,0,0.0,1,3.8
18,18,2,2,2015-09-20,GNB,,SEA,W 27-17,*,5,5,33,6.6,0,100.0,6.6,0,0,0,,0,0,0,0,0,0,0,0.0,0,0,0,0,,0,0,0,0,0,0,0,56,78.9,0,0.0,0,0.0
19,19,3,3,2015-09-28,GNB,,KAN,W 38-28,*,2,0,0,,0,0.0,0.0,0,0,0,,0,0,0,0,0,0,0,0.0,0,0,0,0,,0,0,0,0,0,0,0,3,3.9,0,0.0,0,0.0
20,20,7,8,2015-11-01,GNB,@,DEN,L 10-29,*,2,1,8,8.0,0,50.0,4.0,0,0,0,,0,0,0,0,0,0,0,0.0,0,0,0,0,,0,0,0,0,0,0,0,51,96.2,0,0.0,0,0.0
21,21,8,9,2015-11-08,GNB,@,CAR,L 29-37,*,11,7,93,13.3,0,63.6,8.5,0,0,0,,0,0,0,0,0,0,0,0.0,0,0,0,0,0,0,0,0,0,0,0,0,75,97.4,0,0.0,0,0.0
22,22,9,10,2015-11-15,GNB,,DET,L 16-18,*,21,10,79,7.9,0,47.6,3.8,0,0,0,,0,0,0,0,0,0,0,0.0,0,0,0,0,,0,0,0,0,0,0,0,87,100.0,0,0.0,0,0.0
23,23,10,11,2015-11-22,GNB,@,MIN,W 30-13,*,4,3,36,12.0,0,75.0,9.0,0,0,0,,0,0,0,0,0,0,0,0.0,0,0,0,0,,0,0,0,0,0,0,0,61,79.2,0,0.0,0,0.0
24,24,11,12,2015-11-26,GNB,,CHI,L 13-17,*,11,2,14,7.0,0,18.2,1.3,0,0,0,,0,0,0,0,0,0,0,0.0,0,0,0,0,0,0,0,0,0,0,0,0,69,88.5,0,0.0,0,0.0
25,25,12,13,2015-12-03,GNB,@,DET,W 27-23,*,7,4,21,5.3,1,57.1,3.0,0,0,0,,0,0,0,0,0,0,0,0.0,0,0,0,0,,0,0,0,0,0,0,0,64,95.5,0,0.0,0,0.0
26,26,13,14,2015-12-13,GNB,,DAL,W 28-7,*,3,2,12,6.0,0,66.7,4.0,0,0,0,,0,0,0,0,0,0,0,0.0,0,0,0,0,,0,0,0,0,0,0,0,71,81.6,0,0.0,0,0.0
27,27,14,15,2015-12-20,GNB,@,OAK,W 30-20,*,8,5,32,6.4,0,62.5,4.0,0,0,0,,0,0,0,0,0,0,0,0.0,0,0,0,0,,0,0,0,0,0,0,0,63,82.9,0,0.0,0,0.0
28,28,15,16,2015-12-27,GNB,@,ARI,L 8-38,*,6,3,42,14.0,0,50.0,7.0,0,0,0,,0,0,0,0,0,0,0,0.0,0,0,0,0,0,0,0,0,0,0,0,0,51,70.8,0,0.0,0,0.0
29,29,16,17,2016-01-03,GNB,,MIN,L 13-20,,6,4,54,13.5,0,66.7,9.0,0,0,0,,0,0,0,0,0,0,0,0.0,0,0,0,0,,0,0,0,0,0,0,0,54,68.4,0,0.0,0,0.0
30,30,1,1,2016-09-11,GNB,@,JAX,W 27-23,*,7,3,50,16.7,1,42.9,7.1,0,0,0,,0,0,0,0,0,0,0,0.0,0,0,0,0,,0,0,0,0,0,0,0,59,92.2,0,0.0,0,0.0
31,31,2,2,2016-09-18,GNB,@,MIN,L 14-17,*,7,3,26,8.7,0,42.9,3.7,0,0,0,,0,0,0,0,0,0,0,0.0,0,0,0,0,0,0,1,1,0,0,0,0,54,76.1,0,0.0,0,0.0
32,32,3,3,2016-09-25,GNB,,DET,W 34-27,,2,2,23,11.5,1,100.0,11.5,0,0,0,,0,0,0,0,0,0,0,0.0,0,0,0,0,,0,0,0,0,0,0,0,25,46.3,0,0.0,0,0.0
33,33,4,5,2016-10-09,GNB,,NYG,W 23-16,*,8,5,85,17.0,1,62.5,10.6,0,0,0,,0,0,0,0,0,0,0,0.0,0,0,0,0,0,0,0,0,0,0,0,0,60,75.0,0,0.0,0,0.0
34,34,5,6,2016-10-16,GNB,,DAL,L 16-30,*,3,2,34,17.0,0,66.7,11.3,0,0,0,,0,0,0,0,0,0,0,0.0,0,0,0,0,0,0,0,0,0,0,0,0,31,44.3,0,0.0,0,0.0
35,35,6,7,2016-10-20,GNB,,CHI,W 26-10,*,16,13,132,10.2,2,81.3,8.3,0,0,0,,0,0,0,0,0,0,0,0.0,0,0,0,0,,0,0,0,0,0,0,0,70,80.5,0,0.0,0,0.0
36,36,7,8,2016-10-30,GNB,@,ATL,L 32-33,*,14,12,74,6.2,0,85.7,5.3,0,0,0,,0,0,0,0,0,0,0,0.0,0,0,0,0,,0,1,0,0,0,0,0,58,93.5,0,0.0,2,7.7
37,37,8,9,2016-11-06,GNB,,IND,L 26-31,*,8,4,41,10.3,1,50.0,5.1,0,0,0,,0,0,0,0,0,0,0,0.0,0,0,0,0,,0,0,0,0,0,0,0,66,95.7,0,0.0,0,0.0
38,38,9,10,2016-11-13,GNB,@,TEN,L 25-47,*,9,6,156,26.0,0,66.7,17.3,0,0,0,,0,0,0,0,0,0,0,0.0,0,0,0,0,0,0,0,0,0,0,0,0,74,94.9,0,0.0,0,0.0
39,39,10,11,2016-11-20,GNB,@,WAS,L 24-42,*,6,3,42,14.0,0,50.0,7.0,0,0,0,,0,0,0,0,0,0,0,0.0,0,0,0,0,,0,0,0,0,0,0,0,65,95.6,0,0.0,0,0.0
40,40,11,12,2016-11-28,GNB,@,PHI,W 27-13,*,6,5,113,22.6,2,83.3,18.8,0,0,0,,0,0,0,0,0,0,0,0.0,0,0,0,0,,0,0,0,0,0,0,0,64,90.1,0,0.0,0,0.0
41,41,12,13,2016-12-04,GNB,,HOU,W 21-13,*,7,1,17,17.0,0,14.3,2.4,0,0,0,,0,0,0,0,0,0,0,0.0,0,0,0,0,,0,0,0,0,0,0,0,49,84.5,0,0.0,1,4.5
42,42,13,14,2016-12-11,GNB,,SEA,W 38-10,*,6,4,104,26.0,1,66.7,17.3,0,0,0,,0,0,0,0,0,0,0,0.0,0,0,0,0,,0,0,0,0,0,0,0,53,89.8,0,0.0,1,3.7
43,43,14,15,2016-12-18,GNB,@,CHI,W 30-27,*,6,2,25,12.5,0,33.3,4.2,0,0,0,,0,0,0,0,0,0,0,0.0,0,0,0,0,,0,0,0,0,0,0,0,60,98.4,0,0.0,0,0.0
44,44,15,16,2016-12-24,GNB,,MIN,W 38-25,*,7,4,44,11.0,1,57.1,6.3,0,0,0,,0,0,0,0,0,0,0,0.0,0,0,0,0,,0,0,0,0,0,0,0,55,93.2,0,0.0,2,5.9
45,45,16,17,2017-01-01,GNB,@,DET,W 31-24,*,9,6,31,5.2,2,66.7,3.4,0,0,0,,0,0,0,0,0,0,0,0.0,0,0,0,0,,0,0,0,0,0,0,0,70,93.3,0,0.0,2,7.1
46,46,1,1,2017-09-10,GNB,,SEA,W 17-9,*,7,3,47,15.7,0,42.9,6.7,0,0,0,,0,0,0,0,0,0,0,0.0,0,0,0,0,,0,0,0,0,0,0,0,67,81.7,0,0.0,0,0.0
47,47,2,2,2017-09-17,GNB,@,ATL,L 23-34,*,10,8,99,12.4,1,80.0,9.9,0,0,0,,0,0,0,0,0,0,0,0.0,0,0,0,0,,0,0,0,0,0,0,0,71,93.4,0,0.0,0,0.0
48,48,3,3,2017-09-24,GNB,,CIN,W 27-24 (OT),*,6,3,60,20.0,0,50.0,10.0,0,0,0,,0,0,0,0,0,0,0,0.0,0,0,0,0,,0,0,0,0,0,0,0,67,95.7,0,0.0,0,0.0
49,49,4,4,2017-09-28,GNB,,CHI,W 35-14,*,5,2,13,6.5,1,40.0,2.6,0,0,0,,0,0,0,0,0,0,0,0.0,0,0,0,0,,0,0,0,0,0,0,0,40,72.7,0,0.0,0,0.0
50,50,5,5,2017-10-08,GNB,@,DAL,W 35-31,*,11,7,66,9.4,2,63.6,6.0,0,0,0,,0,0,0,0,0,0,0,0.0,0,0,0,0,,0,0,0,0,0,0,0,56,93.3,0,0.0,0,0.0
51,51,6,6,2017-10-15,GNB,@,MIN,L 10-23,*,10,5,54,10.8,1,50.0,5.4,0,0,0,,0,0,0,0,0,0,0,0.0,0,0,0,0,,0,0,0,0,0,0,0,65,98.5,0,0.0,0,0.0
52,52,7,7,2017-10-22,GNB,,NOR,L 17-26,*,5,2,12,6.0,0,40.0,2.4,0,0,0,,0,0,0,0,0,0,0,0.0,0,0,0,0,,0,0,0,0,0,0,0,48,87.3,0,0.0,0,0.0
53,53,8,9,2017-11-06,GNB,,DET,L 17-30,*,10,7,53,7.6,0,70.0,5.3,0,0,0,,0,0,0,0,0,0,0,0.0,0,0,0,0,,0,0,0,0,0,0,0,56,94.9,0,0.0,0,0.0
54,54,9,10,2017-11-12,GNB,@,CHI,W 23-16,*,8,5,90,18.0,1,62.5,11.3,0,0,0,,0,0,0,0,0,0,0,0.0,0,0,0,0,,0,0,0,0,0,0,0,54,81.8,0,0.0,0,0.0
55,55,10,11,2017-11-19,GNB,,BAL,L 0-23,*,10,8,126,15.8,0,80.0,12.6,0,0,0,,0,0,0,0,0,0,0,0.0,0,0,0,0,,0,0,0,0,0,0,0,65,95.6,0,0.0,0,0.0
56,56,11,12,2017-11-26,GNB,@,PIT,L 28-31,*,8,5,82,16.4,1,62.5,10.3,0,0,0,,0,0,0,0,0,0,0,0.0,0,0,0,0,,0,0,0,0,0,0,0,48,87.3,0,0.0,0,0.0
57,57,12,13,2017-12-03,GNB,,TAM,W 26-20 (OT),*,6,4,42,10.5,0,66.7,7.0,0,0,0,,0,0,0,0,0,0,0,0.0,0,0,0,0,,0,0,0,0,0,0,0,49,89.1,0,0.0,0,0.0
58,58,13,14,2017-12-10,GNB,@,CLE,W 27-21 (OT),*,14,10,84,8.4,2,71.4,6.0,0,0,0,,0,0,0,0,0,0,0,0.0,0,0,0,0,,0,0,0,0,0,0,0,64,84.2,0,0.0,0,0.0
59,59,14,15,2017-12-17,GNB,@,CAR,L 24-31,*,7,5,57,11.4,1,71.4,8.1,0,0,0,,0,0,0,0,0,0,0,0.0,0,0,0,0,,0,0,0,0,0,0,0,27,39.1,0,0.0,0,0.0
60,60,1,1,2018-09-09,GNB,,CHI,W 24-23,*,8,5,88,17.6,1,62.5,11.0,0,0,0,,0,0,0,0,0,0,0,0.0,0,0,0,0,,0,0,0,0,0,0,0,59,98.3,0,0.0,0,0.0
61,61,2,2,2018-09-16,GNB,,MIN,T 29-29 (OT),*,12,8,64,8.0,1,66.7,5.3,0,0,0,,0,0,0,0,0,0,0,0.0,0,0,0,0,,0,0,0,0,0,0,0,75,97.4,0,0.0,0,0.0
62,62,3,3,2018-09-23,GNB,@,WAS,L 17-31,*,9,7,52,7.4,1,77.8,5.8,0,0,0,,0,0,0,0,0,0,0,0.0,0,0,0,0,,0,0,0,0,0,0,0,68,98.6,0,0.0,0,0.0
63,63,4,4,2018-09-30,GNB,,BUF,W 22-0,*,14,8,81,10.1,0,57.1,5.8,0,0,0,,0,0,0,0,0,0,0,0.0,0,0,0,0,0,0,0,0,0,0,0,0,76,100.0,0,0.0,0,0.0
64,64,5,5,2018-10-07,GNB,@,DET,L 23-31,*,12,9,140,15.6,1,75.0,11.7,0,0,0,,0,0,0,0,0,0,0,0.0,0,0,0,0,,0,0,0,0,0,0,0,71,87.7,0,0.0,0,0.0
65,65,6,6,2018-10-15,GNB,,SFO,W 33-30,*,16,10,132,13.2,2,62.5,8.3,0,0,0,,0,0,0,0,0,0,0,0.0,0,0,0,0,,0,0,0,0,0,0,0,63,88.7,0,0.0,0,0.0
66,66,7,8,2018-10-28,GNB,@,LAR,L 27-29,*,7,5,133,26.6,0,71.4,19.0,0,0,0,,0,0,0,0,0,0,0,0.0,0,0,0,0,,0,0,0,0,0,0,0,40,76.9,0,0.0,0,0.0
67,67,8,9,2018-11-04,GNB,@,NWE,L 17-31,*,9,6,40,6.7,1,66.7,4.4,0,0,0,,0,0,0,0,0,0,0,0.0,0,0,0,0,,0,0,0,0,0,0,0,71,95.9,0,0.0,0,0.0
68,68,9,10,2018-11-11,GNB,,MIA,W 31-12,*,7,4,57,14.3,2,57.1,8.1,0,0,0,,0,0,0,0,0,0,0,0.0,0,0,0,0,,0,0,0,0,0,0,0,53,93.0,0,0.0,0,0.0
69,69,10,11,2018-11-15,GNB,@,SEA,L 24-27,*,12,10,166,16.6,0,83.3,13.8,0,0,0,,0,0,0,0,0,0,0,0.0,0,0,0,0,,0,0,0,0,0,0,0,46,93.9,0,0.0,0,0.0
70,70,11,12,2018-11-25,GNB,@,MIN,L 17-24,*,8,5,69,13.8,1,62.5,8.6,0,0,0,,0,0,0,0,0,0,0,0.0,0,0,0,0,,0,0,0,0,0,0,0,53,100.0,0,0.0,0,0.0
71,71,12,13,2018-12-02,GNB,,ARI,L 17-20,*,13,8,93,11.6,1,61.5,7.2,0,0,0,,0,0,0,0,0,0,0,0.0,0,0,0,0,,0,0,0,0,0,0,0,72,94.7,0,0.0,0,0.0
72,72,13,14,2018-12-09,GNB,,ATL,W 34-20,*,11,7,81,11.6,1,63.6,7.4,0,0,0,,0,0,0,0,0,0,0,0.0,0,0,0,0,,0,0,0,0,0,0,0,56,86.2,0,0.0,1,3.6
73,73,14,15,2018-12-16,GNB,@,CHI,L 17-24,*,13,8,119,14.9,0,61.5,9.2,0,0,0,,0,0,0,0,0,0,0,0.0,0,0,0,0,,0,0,0,0,0,0,0,64,94.1,0,0.0,0,0.0
74,74,15,16,2018-12-23,GNB,@,NYJ,W 44-38 (OT),*,18,11,71,6.5,1,61.1,3.9,0,0,0,,0,0,0,0,0,0,0,0.0,0,0,0,0,,0,0,0,0,0,0,0,86,95.6,0,0.0,0,0.0
75,75,1,1,2019-09-05,GNB,@,CHI,W 10-3,*,8,4,36,9.0,0,50.0,4.5,0,0,0,,0,0,0,0,0,0,0,0.0,0,0,0,0,0,0,0,0,0,0,0,0,59,96.7,0,0.0,0,0.0
76,76,2,2,2019-09-15,GNB,,MIN,W 21-16,*,9,7,106,15.1,0,77.8,11.8,0,0,0,,0,0,0,0,0,0,0,0.0,0,0,0,0,0,0,0,0,0,0,0,0,68,95.8,0,0.0,0,0.0
77,77,3,3,2019-09-22,GNB,,DEN,W 27-16,*,4,4,56,14.0,0,100.0,14.0,0,0,0,,0,0,0,0,0,0,0,0.0,0,0,0,0,0,0,0,0,0,0,0,0,49,90.7,0,0.0,0,0.0
78,78,4,4,2019-09-26,GNB,,PHI,L 27-34,*,15,10,180,18.0,0,66.7,12.0,0,0,0,,0,0,0,0,0,0,0,0.0,0,0,0,0,0,0,0,0,0,0,0,0,55,69.6,0,0.0,0,0.0
79,79,9,9,2019-11-03,GNB,@,LAC,L 11-26,*,11,7,41,5.9,0,63.6,3.7,0,0,0,,0,0,0,0,0,0,0,0.0,0,0,0,0,0,0,0,0,0,0,0,0,42,84.0,0,0.0,0,0.0
80,80,10,10,2019-11-10,GNB,,CAR,W 24-16,*,10,7,118,16.9,0,70.0,11.8,0,0,0,,0,0,0,0,0,0,0,0.0,0,0,0,0,0,0,0,0,0,0,0,0,50,78.1,0,0.0,0,0.0
81,81,11,12,2019-11-24,GNB,@,SFO,L 8-37,*,12,7,43,6.1,1,58.3,3.6,0,0,0,,0,0,0,0,0,0,0,0.0,0,0,0,0,0,0,0,0,0,0,0,0,59,74.7,0,0.0,0,0.0
82,82,12,13,2019-12-01,GNB,@,NYG,W 31-13,*,10,6,64,10.7,2,60.0,6.4,0,0,0,,0,0,0,0,0,0,0,0.0,0,0,0,0,0,0,1,0,0,0,0,0,51,78.5,0,0.0,0,0.0
83,83,13,14,2019-12-08,GNB,,WAS,W 20-15,*,6,4,41,10.3,0,66.7,6.8,0,0,0,,0,0,0,0,0,0,0,0.0,0,0,0,0,0,0,0,0,0,0,0,0,50,83.3,0,0.0,1,4.0
84,84,14,15,2019-12-15,GNB,,CHI,W 21-13,*,13,7,103,14.7,1,53.8,7.9,0,0,0,,0,0,0,0,0,0,0,0.0,0,0,0,0,0,0,0,0,0,0,0,0,55,93.2,0,0.0,0,0.0
85,85,15,16,2019-12-23,GNB,@,MIN,W 23-10,*,16,13,116,8.9,0,81.3,7.3,0,0,0,,0,0,0,0,0,0,0,0.0,0,0,0,0,0,0,1,1,0,0,0,0,62,80.5,0,0.0,0,0.0
86,86,16,17,2019-12-29,GNB,@,DET,W 23-20,*,13,7,93,13.3,1,53.8,7.2,0,0,0,,0,0,0,0,0,0,0,0.0,0,0,0,0,0,0,0,0,0,0,0,0,78,88.6,0,0.0,0,0.0
87,87,1,1,2020-09-13,GNB,@,MIN,W 43-34,*,17,14,156,11.1,2,82.4,9.2,0,0,0,,0,0,0,0,0,0,0,0.0,0,0,0,0,0,0,0,0,0,0,0,0,70,89.7,0,0.0,1,3.8
88,88,2,2,2020-09-20,GNB,,DET,W 42-21,*,3,3,36,12.0,0,100.0,12.0,0,0,0,,0,0,0,0,0,0,0,0.0,0,0,0,0,0,0,0,0,0,0,0,0,38,52.1,0,0.0,0,0.0
89,89,5,6,2020-10-18,GNB,@,TAM,L 10-38,*,10,6,61,10.2,0,60.0,6.1,0,0,0,,0,0,0,0,0,0,0,0.0,0,0,0,0,0,0,0,0,0,0,0,0,52,82.5,0,0.0,0,0.0
90,90,6,7,2020-10-25,GNB,@,HOU,W 35-20,*,16,13,196,15.1,2,81.3,12.3,0,0,0,,0,0,0,0,0,0,0,0.0,0,0,0,0,0,0,0,0,0,0,0,0,57,91.9,0,0.0,1,3.3
91,91,7,8,2020-11-01,GNB,,MIN,L 22-28,*,11,7,53,7.6,3,63.6,4.8,0,0,0,,0,0,0,0,0,0,0,0.0,0,0,0,0,0,0,0,0,0,0,0,0,70,94.6,0,0.0,0,0.0
92,92,8,9,2020-11-05,GNB,@,SFO,W 34-17,*,12,10,173,17.3,1,83.3,14.4,0,0,0,,0,0,0,0,0,0,0,0.0,0,0,0,0,0,0,0,0,0,0,0,0,50,75.8,0,0.0,1,3.7
93,93,9,10,2020-11-15,GNB,,JAX,W 24-20,*,12,8,66,8.3,1,66.7,5.5,0,0,0,,0,0,0,0,0,0,0,0.0,0,0,0,0,0,0,1,1,0,0,0,0,53,81.5,0,0.0,0,0.0
94,94,10,11,2020-11-22,GNB,@,IND,L 31-34 (OT),*,9,7,106,15.1,1,77.8,11.8,0,0,0,,0,0,0,0,0,0,0,0.0,0,0,0,0,0,0,0,0,0,0,0,0,57,95.0,0,0.0,0,0.0
95,95,11,12,2020-11-29,GNB,,CHI,W 41-25,*,9,6,61,10.2,1,66.7,6.8,0,0,0,,0,0,0,0,0,0,0,0.0,0,0,0,0,0,0,0,0,0,0,0,0,63,88.7,0,0.0,2,8.0
96,96,12,13,2020-12-06,GNB,,PHI,W 30-16,*,12,10,121,12.1,2,83.3,10.1,0,0,0,,0,0,0,0,0,0,0,0.0,0,0,0,0,0,0,0,0,0,0,0,0,54,88.5,0,0.0,0,0.0
97,97,13,14,2020-12-13,GNB,@,DET,W 31-24,*,10,7,115,16.4,1,70.0,11.5,0,0,0,,0,0,0,0,0,0,0,0.0,0,0,0,0,0,0,0,0,0,0,0,0,62,92.5,0,0.0,1,3.8
98,98,14,15,2020-12-19,GNB,,CAR,W 24-16,*,10,7,42,6.0,0,70.0,4.2,0,0,0,,0,0,0,0,0,0,0,0.0,0,0,0,0,0,0,0,0,0,0,0,0,60,96.8,0,0.0,1,3.6
99,99,15,16,2020-12-27,GNB,,TEN,W 40-14,*,12,11,142,12.9,3,91.7,11.8,0,0,0,,0,0,0,0,0,0,0,0.0,0,0,0,0,0,0,0,0,0,0,0,0,47,71.2,0,0.0,0,0.0
100,100,16,17,2021-01-03,GNB,@,CHI,W 35-16,*,6,6,46,7.7,1,100.0,7.7,0,0,0,,0,0,0,0,0,0,0,0.0,0,0,0,0,0,0,0,0,0,0,0,0,41,89.1,0,0.0,0,0.0
101,101,1,1,2021-09-12,GNB,@,NOR,L 3-38,*,7,5,56,11.2,0,71.4,8.0,0,0,0,,0,0,0,0,0,0,0,0.0,0,0,0,0,0,0,0,0,0,0,0,0,40,70.2,0,0.0,0,0.0
102,102,2,2,2021-09-20,GNB,,DET,W 35-17,*,9,8,121,15.1,0,88.9,13.4,0,0,0,,0,0,0,0,0,0,0,0.0,0,0,0,0,0,0,0,0,0,0,0,0,57,87.7,0,0.0,0,0.0
103,103,3,3,2021-09-26,GNB,@,SFO,W 30-28,*,18,12,132,11.0,1,66.7,7.3,0,0,0,,0,0,0,0,0,0,0,0.0,0,0,0,0,0,0,0,0,0,0,0,0,56,88.9,0,0.0,0,0.0
104,104,4,4,2021-10-03,GNB,,PIT,W 27-17,*,11,6,64,10.7,0,54.5,5.8,0,0,0,,0,0,0,0,0,0,0,0.0,0,0,0,0,0,0,0,0,0,0,0,0,63,87.5,0,0.0,1,4.0
105,105,5,5,2021-10-10,GNB,@,CIN,W 25-22 (OT),*,16,11,206,18.7,1,68.8,12.9,0,0,0,,0,0,0,0,0,0,0,0.0,0,0,0,0,0,0,0,0,0,0,0,0,58,90.6,0,0.0,0,0.0
106,106,6,6,2021-10-17,GNB,@,CHI,W 24-14,*,5,4,89,22.3,0,80.0,17.8,0,0,0,,0,0,0,0,0,0,0,0.0,0,0,0,0,0,0,0,0,0,0,0,0,50,84.7,0,0.0,0,0.0
107,107,7,7,2021-10-24,GNB,,WAS,W 24-10,*,7,6,76,12.7,1,85.7,10.9,0,0,0,,0,0,0,0,0,0,0,0.0,0,0,0,0,0,0,0,0,0,0,0,0,48,85.7,0,0.0,1,5.3
108,108,9,9,2021-11-07,GNB,@,KAN,L 7-13,*,14,6,42,7.0,0,42.9,3.0,0,0,0,,0,0,0,0,0,0,0,0.0,1,1,0,0,0,0,0,0,0,0,0,0,58,92.1,0,0.0,0,0.0
109,109,10,10,2021-11-14,GNB,,SEA,W 17-0,*,11,7,78,11.1,0,63.6,7.1,0,0,0,,0,0,0,0,0,0,0,0.0,0,0,0,0,0,0,0,0,0,0,0,0,70,94.6,0,0.0,0,0.0
110,110,11,11,2021-11-21,GNB,@,MIN,L 31-34,*,8,7,115,16.4,2,87.5,14.4,0,0,0,,0,0,0,0,0,0,0,0.0,0,0,0,0,0,0,0,0,0,0,0,0,52,88.1,0,0.0,0,0.0
111,111,12,12,2021-11-28,GNB,,LAR,W 36-28,*,9,8,104,13.0,0,88.9,11.6,0,0,0,,0,0,0,0,0,0,0,0.0,0,0,0,0,0,0,0,0,0,0,0,0,80,97.6,0,0.0,1,2.8
112,112,13,14,2021-12-12,GNB,,CHI,W 45-30,*,13,10,121,12.1,2,76.9,9.3,0,0,0,,0,0,0,0,0,0,0,0.0,0,0,0,0,0,0,0,0,0,0,0,0,58,89.2,0,0.0,1,2.8
113,113,14,15,2021-12-19,GNB,@,BAL,W 31-30,*,7,6,44,7.3,1,85.7,6.3,0,0,0,,0,0,0,0,0,0,0,0.0,0,0,0,0,0,0,0,0,0,0,0,0,57,91.9,0,0.0,2,8.0
114,114,15,16,2021-12-25,GNB,,CLE,W 24-22,*,13,10,114,11.4,2,76.9,8.8,0,0,0,,0,0,0,0,0,0,0,0.0,0,0,0,0,0,0,0,0,0,0,0,0,55,93.2,0,0.0,0,0.0
115,115,16,17,2022-01-02,GNB,,MIN,W 37-10,*,14,11,136,12.4,1,78.6,9.7,0,0,0,,0,0,0,0,0,0,0,0.0,0,0,0,0,0,0,0,0,0,0,0,0,62,82.7,0,0.0,0,0.0
116,116,17,18,2022-01-09,GNB,@,DET,L 30-37,*,7,6,55,9.2,0,85.7,7.9,0,0,0,,0,0,0,0,0,0,0,0.0,0,0,0,0,0,0,0,0,0,0,0,0,22,32.4,0,0.0,0,0.0
117,117,1,1,2022-09-11,LVR,@,LAC,L 19-24,*,17,10,141,14.1,1,58.8,8.3,0,0,0,,0,0,0,0,0,1,10,0.0,0,0,0,0,0,0,0,0,0,0,0,0,55,94.8,0,0.0,0,0.0
118,118,2,2,2022-09-18,LVR,,ARI,L 23-29 (OT),*,7,2,12,6.0,1,28.6,1.7,0,0,0,,0,0,0,0,0,0,0,0.0,0,0,0,0,0,0,0,0,0,0,0,0,65,97.0,0,0.0,0,0.0
119,119,3,3,2022-09-25,LVR,@,TEN,L 22-24,*,10,5,36,7.2,1,50.0,3.6,1,-4,0,-4.0,0,0,0,0,0,0,0,0.0,0,0,0,0,0,0,0,0,0,0,0,0,70,100.0,0,0.0,0,0.0
120,120,4,4,2022-10-02,LVR,,DEN,W 32-23,*,13,9,101,11.2,0,69.2,7.8,1,4,0,4.0,0,0,0,0,0,0,0,0.0,0,0,0,0,0,0,0,0,0,0,0,0,71,94.7,0,0.0,0,0.0
121,121,5,5,2022-10-10,LVR,@,KAN,L 29-30,*,7,3,124,41.3,2,42.9,17.7,0,0,0,,0,0,0,0,0,0,0,0.0,0,0,0,0,0,0,1,0,0,0,0,0,64,100.0,0,0.0,0,0.0
122,122,6,7,2022-10-23,LVR,,HOU,W 38-20,*,9,8,95,11.9,0,88.9,10.6,0,0,0,,0,0,0,0,0,0,0,0.0,0,0,0,0,0,0,0,0,0,0,0,0,54,96.4,0,0.0,0,0.0
123,123,7,8,2022-10-30,LVR,@,NOR,L 0-24,*,5,1,3,3.0,0,20.0,0.6,1,-1,0,-1.0,0,0,0,0,0,0,0,0.0,0,0,0,0,0,0,0,0,0,0,0,0,42,72.4,0,0.0,0,0.0
124,124,8,9,2022-11-06,LVR,@,JAX,L 20-27,*,17,10,146,14.6,2,58.8,8.6,0,0,0,,0,0,0,0,0,0,0,0.0,0,0,0,0,0,0,0,0,0,0,0,0,56,94.9,0,0.0,0,0.0
125,125,9,10,2022-11-13,LVR,,IND,L 20-25,*,14,9,126,14.0,1,64.3,9.0,0,0,0,,0,0,0,0,0,0,0,0.0,0,0,0,0,0,0,0,0,0,0,0,0,65,92.9,0,0.0,0,0.0
126,126,10,11,2022-11-20,LVR,@,DEN,W 22-16 (OT),*,13,7,141,20.1,2,53.8,10.8,0,0,0,,0,0,0,0,0,0,0,0.0,0,0,0,0,0,0,0,0,0,0,0,0,65,98.5,0,0.0,0,0.0
127,127,11,12,2022-11-27,LVR,@,SEA,W 40-34 (OT),*,11,7,74,10.6,0,63.6,6.7,0,0,0,,0,0,0,0,0,0,0,0.0,1,0,1,0,0,0,0,0,0,0,0,0,77,100.0,0,0.0,0,0.0
128,128,12,13,2022-12-04,LVR,,LAC,W 27-20,*,12,8,177,22.1,2,66.7,14.8,0,0,0,,0,0,0,0,0,0,0,0.0,0,0,0,0,0,0,0,0,0,0,0,0,59,96.7,0,0.0,0,0.0
129,129,13,14,2022-12-08,LVR,@,LAR,L 16-17,*,7,3,71,23.7,0,42.9,10.1,0,0,0,,0,0,0,0,0,0,0,0.0,1,1,0,0,0,0,0,0,0,0,0,0,58,96.7,0,0.0,1,4.0
130,130,14,15,2022-12-18,LVR,,NWE,W 30-24,*,9,4,28,7.0,0,44.4,3.1,0,0,0,,0,0,0,0,0,0,0,0.0,0,0,0,0,0,0,0,0,0,0,0,0,67,98.5,0,0.0,0,0.0
131,131,15,16,2022-12-24,LVR,@,PIT,L 10-13,*,9,2,15,7.5,0,22.2,1.7,0,0,0,,0,0,0,0,0,0,0,0.0,0,0,0,0,0,0,0,0,0,0,0,0,51,96.2,0,0.0,0,0.0
132,132,16,17,2023-01-01,LVR,,SFO,L 34-37 (OT),*,11,7,153,21.9,2,63.6,13.9,0,0,0,,0,0,0,0,0,0,0,0.0,0,0,0,0,0,0,0,0,0,0,0,0,62,88.6,0,0.0,0,0.0
133,133,17,18,2023-01-07,LVR,,KAN,L 13-31,*,9,5,73,14.6,0,55.6,8.1,0,0,0,,0,0,0,0,0,0,0,0.0,0,0,0,0,0,0,0,0,0,1,0,0,63,90.0,0,0.0,0,0.0
134,134,1,1,2023-09-10,LVR,@,DEN,W 17-16,*,9,6,66,11.0,0,66.7,7.3,0,0,0,,0,0,0,0,0,0,0,0.0,0,0,0,0,0,0,0,0,0,0,0,0,53,89.8,0,0.0,0,0.0
135,135,2,2,2023-09-17,LVR,@,BUF,L 10-38,*,8,6,84,14.0,1,75.0,10.5,0,0,0,,0,0,0,0,0,0,0,0.0,0,0,0,0,0,0,0,0,0,0,0,0,37,92.5,0,0.0,0,0.0
136,136,3,3,2023-09-24,LVR,,PIT,L 18-23,*,20,13,172,13.2,2,65.0,8.6,0,0,0,,0,0,0,0,0,0,0,0.0,0,0,0,0,0,0,0,0,0,0,0,0,70,97.2,0,0.0,0,0.0
137,137,4,4,2023-10-01,LVR,@,LAC,L 17-24,*,13,8,75,9.4,0,61.5,5.8,0,0,0,,0,0,0,0,0,0,0,0.0,0,0,0,0,0,0,0,0,0,0,0,0,63,86.3,0,0.0,0,0.0
138,138,5,5,2023-10-09,LVR,,GNB,W 17-13,*,4,4,45,11.3,0,100.0,11.3,0,0,0,,0,0,0,0,0,0,0,0.0,0,0,0,0,0,0,0,0,0,0,0,0,60,93.8,0,0.0,0,0.0
139,139,6,6,2023-10-15,LVR,,NWE,W 21-17,*,5,2,29,14.5,0,40.0,5.8,0,0,0,,0,0,0,0,0,0,0,0.0,0,0,0,0,0,0,0,0,0,0,0,0,64,91.4,0,0.0,2,8.0
140,140,7,7,2023-10-22,LVR,@,CHI,L 12-30,*,12,7,57,8.1,0,58.3,4.8,0,0,0,,0,0,0,0,0,0,0,0.0,0,0,0,0,0,0,0,0,0,0,0,0,49,75.4,0,0.0,0,0.0
141,141,8,8,2023-10-30,LVR,@,DET,L 14-26,*,7,1,11,11.0,0,14.3,1.6,0,0,0,,0,0,0,0,0,0,0,0.0,0,0,0,0,0,0,0,0,0,0,0,0,44,95.7,0,0.0,0,0.0
142,142,9,9,2023-11-05,LVR,,NYG,W 30-6,*,7,4,34,8.5,0,57.1,4.9,0,0,0,,0,0,0,0,0,0,0,0.0,0,0,0,0,0,0,0,0,0,0,0,0,53,88.3,0,0.0,0,0.0
143,143,10,10,2023-11-12,LVR,,NYJ,W 16-12,*,13,6,86,14.3,0,46.2,6.6,0,0,0,,0,0,0,0,0,0,0,0.0,0,0,0,0,0,0,0,0,0,0,0,0,62,96.9,0,0.0,0,0.0
144,144,11,11,2023-11-19,LVR,@,MIA,L 13-20,*,13,7,82,11.7,1,53.8,6.3,0,0,0,,0,0,0,0,0,0,0,0.0,0,0,0,0,0,0,0,0,0,0,0,0,60,98.4,0,0.0,0,0.0
145,145,12,12,2023-11-26,LVR,,KAN,L 17-31,*,7,5,73,14.6,0,71.4,10.4,0,0,0,,0,0,0,0,0,0,0,0.0,0,0,0,0,0,0,0,0,0,0,0,0,58,100.0,0,0.0,0,0.0
146,146,13,14,2023-12-10,LVR,,MIN,L 0-3,*,10,7,53,7.6,0,70.0,5.3,0,0,0,,0,0,0,0,0,0,0,0.0,0,0,0,0,0,0,0,0,0,0,0,0,53,98.1,0,0.0,0,0.0
147,147,14,15,2023-12-14,LVR,,LAC,W 63-21,*,12,8,101,12.6,1,66.7,8.4,0,0,0,,0,0,0,0,0,0,0,0.0,0,0,0,0,0,0,0,0,0,0,0,0,52,81.3,0,0.0,0,0.0
148,148,15,16,2023-12-25,LVR,@,KAN,W 20-14,*,6,1,4,4.0,0,16.7,0.7,0,0,0,,0,0,0,0,0,0,0,0.0,0,0,0,0,0,0,0,0,0,0,0,0,50,90.9,0,0.0,1,4.0
149,149,16,17,2023-12-31,LVR,@,IND,L 20-23,*,21,13,126,9.7,2,61.9,6.0,0,0,0,,0,0,0,0,0,0,0,0.0,0,0,0,0,0,0,0,0,0,0,0,0,73,97.3,0,0.0,0,0.0
150,150,17,18,2024-01-07,LVR,,DEN,W 27-14,*,8,5,46,9.2,1,62.5,5.8,0,0,0,,0,0,0,0,0,0,0,0.0,0,0,0,0,0,0,0,0,0,0,0,0,62,93.9,0,0.0,0,0.0
151,151,1,1,2024-09-08,LVR,@,LAC,L 10-22,*,6,5,59,11.8,0,83.3,9.8,0,0,0,,0,0,0,0,0,0,0,0.0,0,0,0,0,0,0,0,0,0,0,0,0,58,96.7,0,0.0,0,0.0
152,152,2,2,2024-09-15,LVR,@,BAL,W 26-23,*,12,9,110,12.2,1,75.0,9.2,0,0,0,,0,0,0,0,0,0,0,0.0,0,0,0,0,0,0,0,0,0,0,0,0,59,93.7,0,0.0,0,0.0
153,153,3,3,2024-09-22,LVR,,CAR,L 22-36,*,9,4,40,10.0,0,44.4,4.4,0,0,0,,0,0,0,0,0,0,0,0.0,0,0,0,0,0,0,0,0,0,0,0,0,61,95.3,0,0.0,0,0.0
154,154,7,7,2024-10-20,NYJ,@,PIT,L 15-37,*,9,3,30,10.0,0,33.3,3.3,0,0,0,,0,0,0,0,0,0,0,0.0,0,0,0,0,0,0,0,0,0,0,0,0,55,96.5,0,0.0,0,0.0
155,155,8,8,2024-10-27,NYJ,@,NWE,L 22-25,*,6,4,54,13.5,0,66.7,9.0,0,0,0,,0,0,0,0,0,0,0,0.0,0,0,0,0,0,0,0,0,0,0,0,0,58,93.5,0,0.0,0,0.0
156,156,9,9,2024-10-31,NYJ,,HOU,W 21-13,*,11,7,91,13.0,1,63.6,8.3,0,0,0,,0,0,0,0,0,0,0,0.0,0,0,0,0,0,0,0,0,0,0,0,0,45,77.6,0,0.0,1,3.8
157,157,10,10,2024-11-10,NYJ,@,ARI,L 6-31,*,13,6,31,5.2,0,46.2,2.4,0,0,0,,0,0,0,0,0,0,0,0.0,0,0,0,0,0,0,0,0,0,0,0,0,56,96.6,0,0.0,0,0.0
158,158,11,11,2024-11-17,NYJ,,IND,L 27-28,*,7,6,72,12.0,0,85.7,10.3,0,0,0,,0,0,0,0,0,0,0,0.0,0,0,0,0,0,0,0,0,0,0,0,0,48,94.1,0,0.0,0,0.0
159,159,12,13,2024-12-01,NYJ,,SEA,L 21-26,*,12,5,66,13.2,1,41.7,5.5,0,0,0,,0,0,0,0,0,0,0,0.0,0,0,0,0,0,0,0,0,0,0,0,0,66,97.1,0,0.0,0,0.0
160,160,13,14,2024-12-08,NYJ,@,MIA,L 26-32 (OT),*,11,9,109,12.1,1,81.8,9.9,0,0,0,,0,0,0,0,0,0,0,0.0,0,0,0,0,0,0,0,0,0,0,0,0,58,85.3,0,0.0,0,0.0
161,161,14,15,2024-12-15,NYJ,@,JAX,W 32-25,*,12,9,198,22.0,2,75.0,16.5,0,0,0,,0,0,0,0,0,0,0,0.0,0,0,0,0,0,0,0,0,0,0,0,0,54,93.1,0,0.0,0,0.0
162,162,15,16,2024-12-22,NYJ,,LAR,L 9-19,*,13,7,68,9.7,1,53.8,5.2,0,0,0,,0,0,0,0,0,0,0,0.0,0,0,0,0,0,0,0,0,0,0,0,0,67,97.1,0,0.0,0,0.0
163,163,16,17,2024-12-29,NYJ,@,BUF,L 14-40,*,8,5,47,9.4,0,62.5,5.9,0,0,0,,0,0,0,0,0,0,0,0.0,0,0,0,0,0,0,0,0,0,0,0,0,48,76.2,0,0.0,0,0.0
164,164,17,18,2025-01-05,NYJ,,MIA,W 32-20,*,12,6,88,14.7,1,50.0,7.3,0,0,0,,0,0,0,0,0,0,0,0.0,0,0,0,0,0,0,0,0,0,0,0,0,59,92.2,0,0.0,0,0.0
1,101,16,18,1993-12-31,MIN,@,WAS,W 14-9,*,10,7,113,16.1,0,70.0,11.3,0,0,0,,0,0,,0,0,0,,,,,,0,0,0,,0,,0,0,0,0
2,57,16,17,1990-12-30,MIN,,SFO,L 17-20,*,,2,13,6.5,0,,,0,0,0,,0,0,,0,0,0,,,,,,0,0,0,,0,,0,0,0,0
3,73,16,17,1991-12-21,MIN,,GNB,L 7-27,*,,7,112,16.0,0,,,0,0,0,,0,0,,0,0,0,,,,,,0,0,0,,1,,0,0,0,0
4,100,15,17,1993-12-26,MIN,,KAN,W 30-10,*,5,5,88,17.6,2,100.0,17.6,0,0,0,,0,0,,0,0,0,,,,,,0,0,0,,0,,0,0,0,0
5,117,16,17,1994-12-26,MIN,,SFO,W 21-14,*,9,3,24,8.0,0,33.3,2.7,0,0,0,,0,0,,0,0,0,,,,,,0,0,0,,0,0,0,0,0,0
6,133,16,17,1995-12-24,MIN,@,CIN,L 24-27,*,12,7,79,11.3,1,58.3,6.6,0,0,0,,0,0,,0,0,0,,,,,,0,0,0,,0,0,0,0,0,0
7,149,16,17,1996-12-22,MIN,@,GNB,L 10-38,*,9,3,46,15.3,1,33.3,5.1,0,0,0,,0,0,,0,0,0,,,,,,0,0,0,,0,0,0,0,0,0
8,165,16,17,1997-12-21,MIN,,IND,W 39-28,*,7,5,89,17.8,3,71.4,12.7,0,0,0,,0,0,,0,0,0,,,,,,0,0,0,,0,0,0,0,0,0
9,181,16,17,1998-12-26,MIN,@,TEN,W 26-16,*,7,6,78,13.0,1,85.7,11.1,0,0,0,,0,0,,0,0,0,,,,0,0,0,0,0,,0,0,0,0,0,0
10,197,16,17,2000-01-02,MIN,,DET,W 24-17,*,5,3,52,17.3,0,60.0,10.4,0,0,0,,0,0,,0,0,0,,,,,,0,0,0,,0,0,0,0,0,0
11,213,16,17,2000-12-24,MIN,@,IND,L 10-31,*,7,4,67,16.8,0,57.1,9.6,0,0,0,,0,0,,0,0,0,,,,,,0,0,0,,0,0,0,0,0,0
12,229,16,17,2002-01-07,MIN,@,BAL,L 3-19,*,7,5,60,12.0,0,71.4,8.6,0,0,0,,0,0,,0,0,0,,,,,,0,0,0,,1,1,0,0,0,0
13,234,16,17,2002-12-29,MIA,@,NWE,L 24-27 (OT),,2,0,0,,0,0.0,0.0,0,0,0,,0,0,,0,0,,,,,,,0,0,0,,0,0,0,0,0,0
14,9,15,16,1987-12-27,PHI,,BUF,W 17-7,,,1,10,10.0,0,,,0,0,0,,0,0,,0,0,0,,,,0,,1,19,0,19.0,0,,0,0,0,0
15,25,16,16,1988-12-18,PHI,@,DAL,W 23-7,*,,3,34,11.3,0,,,0,0,0,,0,0,,0,0,0,,,,,,0,0,0,,0,,0,0,0,0
16,41,16,16,1989-12-24,PHI,,PHO,W 31-14,*,,3,51,17.0,1,,,0,0,0,,0,0,,0,0,0,,,,,,0,0,0,,0,,0,0,0,0
17,56,15,16,1990-12-22,MIN,,RAI,L 24-28,*,,8,127,15.9,1,,,0,0,0,,0,0,,0,0,0,,,,,,0,0,0,,0,,0,0,0,0
18,72,15,16,1991-12-15,MIN,,RAM,W 20-14,*,,1,17,17.0,0,,,0,0,0,,0,0,,0,0,0,,,,,,0,0,0,,0,,0,0,0,0
19,99,14,16,1993-12-19,MIN,@,GNB,W 21-17,*,9,6,106,17.7,2,66.7,11.8,0,0,0,,0,0,,0,0,0,,,,,,0,0,0,,0,,0,0,0,0
20,116,15,16,1994-12-17,MIN,@,DET,L 19-41,*,16,8,80,10.0,0,50.0,5.0,0,0,0,,0,0,,0,0,0,,,,,,0,0,0,,0,0,0,0,0,0
21,132,15,16,1995-12-18,MIN,@,SFO,L 30-37,*,16,12,88,7.3,2,75.0,5.5,1,0,0,0.0,0,0,,0,0,0,,,,,,0,0,0,,0,0,0,0,0,0
22,148,15,16,1996-12-15,MIN,,TAM,W 21-10,*,12,8,89,11.1,1,66.7,7.4,0,0,0,,0,0,,0,0,0,,,,,,0,0,0,,0,0,0,0,0,0
23,164,15,16,1997-12-14,MIN,,DET,L 13-14,*,3,1,8,8.0,0,33.3,2.7,0,0,0,,0,0,,0,0,0,,,,,,0,0,0,,0,0,0,0,0,0
24,180,15,16,1998-12-20,MIN,,JAX,W 50-10,*,9,4,27,6.8,1,44.4,3.0,0,0,0,,0,0,,0,0,0,,,,0,0,0,0,0,,0,0,0,0,0,0
25,196,15,16,1999-12-26,MIN,@,NYG,W 34-17,*,6,5,131,26.2,1,83.3,21.8,0,0,0,,0,0,,0,0,0,,,,,,0,0,0,,0,0,0,0,0,0
26,212,15,16,2000-12-17,MIN,,GNB,L 28-33,*,13,7,91,13.0,1,53.8,7.0,0,0,0,,0,0,,0,0,0,,,,,,0,0,0,,1,1,0,0,0,0
27,228,15,16,2001-12-30,MIN,@,GNB,L 13-24,*,9,1,11,11.0,0,11.1,1.2,1,4,0,4.0,0,0,,0,0,0,,,,,,0,0,0,,0,0,0,0,0,0
28,233,15,16,2002-12-21,MIA,@,MIN,L 17-20,,2,1,15,15.0,0,50.0,7.5,0,0,0,,0,0,,0,0,0,,,,,,0,0,0,,0,0,0,0,0,0
29,8,14,15,1987-12-20,PHI,@,NYJ,W 38-27,,,1,14,14.0,1,,,0,0,0,,0,0,,0,0,0,,,,0,,1,16,0,16.0,0,,0,0,0,0
30,24,15,15,1988-12-10,PHI,@,PHO,W 23-17,*,,1,37,37.0,1,,,0,0,0,,0,0,,0,0,0,,,,,,0,0,0,,0,,0,0,0,0
31,40,15,15,1989-12-18,PHI,@,NOR,L 20-30,*,,1,8,8.0,0,,,0,0,0,,0,0,,0,0,0,,,,,,0,0,0,,0,,0,0,0,0
32,55,14,15,1990-12-16,MIN,@,TAM,L 13-26,*,,3,44,14.7,0,,,0,0,0,,0,0,,0,0,0,,,,,,0,0,0,,0,,0,0,0,0
33,71,14,15,1991-12-08,MIN,@,TAM,W 26-24,*,,1,41,41.0,0,,,0,0,0,,0,0,,0,0,0,,,,,,0,0,0,,0,,0,0,0,0
34,98,13,15,1993-12-12,MIN,,DAL,L 20-37,*,6,6,70,11.7,0,100.0,11.7,0,0,0,,0,0,,0,0,0,,,,,,0,0,0,,0,,0,0,0,0
35,115,14,15,1994-12-11,MIN,@,BUF,W 21-17,*,15,9,111,12.3,0,60.0,7.4,0,0,0,,0,0,,0,0,0,,,,,,0,0,0,,0,0,0,0,0,0
36,131,14,15,1995-12-09,MIN,,CLE,W 27-11,*,12,8,124,15.5,0,66.7,10.3,0,0,0,,0,0,,0,0,0,,,,,,0,0,0,,0,0,0,0,0,0
37,147,14,15,1996-12-08,MIN,@,DET,W 24-22,*,9,7,83,11.9,1,77.8,9.2,0,0,0,,0,0,,0,0,0,,,,,,1,3,0,3.0,0,0,0,0,0,0
38,163,14,15,1997-12-07,MIN,@,SFO,L 17-28,*,9,3,43,14.3,2,33.3,4.8,0,0,0,,0,0,,0,0,0,,,,,,0,0,0,,0,0,0,0,0,0
39,179,14,15,1998-12-13,MIN,@,BAL,W 38-28,*,14,11,85,7.7,1,78.6,6.1,0,0,0,,0,0,,0,0,0,,,,0,0,0,0,0,,0,0,0,0,0,0
40,195,14,15,1999-12-20,MIN,,GNB,W 24-20,*,0,0,0,,0,,,0,0,0,,0,0,,0,0,,,,,,,0,0,0,,0,0,0,0,0,0
41,211,14,15,2000-12-10,MIN,@,STL,L 29-40,*,13,7,66,9.4,1,53.8,5.1,0,0,0,,0,0,,0,0,0,,,,,,0,0,0,,0,0,0,0,0,0
42,227,14,15,2001-12-23,MIN,,JAX,L 3-33,*,12,7,88,12.6,0,58.3,7.3,0,0,0,,0,0,,0,0,0,,,,,,0,0,0,,0,0,0,0,0,0
43,232,14,15,2002-12-15,MIA,,OAK,W 23-17,,6,3,12,4.0,1,50.0,2.0,0,0,0,,0,0,,0,0,0,,,,,,0,0,0,,0,0,0,0,0,0
44,7,13,14,1987-12-13,PHI,,MIA,L 10-28,,,0,0,,0,,,0,0,0,,0,0,,0,0,0,,,,0,,2,16,0,8.0,0,,0,0,0,0
45,23,14,14,1988-12-04,PHI,,WAS,L 19-20,*,,2,22,11.0,0,,,0,0,0,,0,0,,0,0,0,,,,,,0,0,0,,0,,0,0,0,0
46,39,14,14,1989-12-10,PHI,,DAL,W 20-10,*,,4,44,11.0,2,,,0,0,0,,0,0,,0,0,0,,,,,,0,0,0,,0,,0,0,0,0
47,54,13,14,1990-12-09,MIN,@,NYG,L 15-23,*,,1,10,10.0,0,,,0,0,0,,0,0,,0,0,0,,,,,,0,0,0,,0,,0,0,0,0
48,97,12,14,1993-12-05,MIN,@,DET,W 13-0,*,7,2,9,4.5,0,28.6,1.3,0,0,0,,0,0,,0,0,0,,,,,,0,0,0,,0,,0,0,0,0
49,114,13,14,1994-12-01,MIN,,CHI,W 33-27 (OT),*,15,9,124,13.8,2,60.0,8.3,0,0,0,,0,0,,0,0,0,,,,,,0,0,0,,1,0,0,0,0,0
50,130,13,14,1995-12-03,MIN,,TAM,W 31-17,*,9,6,136,22.7,2,66.7,15.1,0,0,0,,0,0,,0,0,0,,,,,,0,0,0,,0,0,0,0,0,0
51,146,13,14,1996-12-01,MIN,,ARI,W 41-17,*,8,5,40,8.0,1,62.5,5.0,0,0,0,,0,0,,0,0,0,,,,,,0,0,0,,0,0,0,0,0,0
52,162,13,14,1997-12-01,MIN,,GNB,L 11-27,*,14,6,52,8.7,0,42.9,3.7,0,0,0,,0,0,,0,0,0,,,,,,0,0,0,,0,0,0,0,0,0
53,178,13,14,1998-12-06,MIN,,CHI,W 48-22,*,0,0,0,,0,,,0,0,0,,0,0,,0,0,,,,,,,0,0,0,,0,0,,0,0,0
54,194,13,14,1999-12-12,MIN,@,KAN,L 28-31,*,2,1,22,22.0,0,50.0,11.0,0,0,0,,0,0,,0,0,0,,,,,,0,0,0,,0,0,0,0,0,0
55,210,13,14,2000-11-30,MIN,,DET,W 24-17,*,12,7,45,6.4,1,58.3,3.8,0,0,0,,0,0,,0,0,0,,,,,,0,0,0,,0,0,0,0,0,0
56,226,13,14,2001-12-16,MIN,@,DET,L 24-27,*,8,3,30,10.0,0,37.5,3.8,0,0,0,,0,0,,0,0,0,,,,,,0,0,0,,0,0,0,0,0,0
57,231,13,14,2002-12-09,MIA,,CHI,W 27-9,,2,1,8,8.0,0,50.0,4.0,0,0,0,,0,0,,0,0,0,,,,,,0,0,0,,0,0,0,0,0,0
58,6,12,13,1987-12-06,PHI,@,NYG,L 20-23 (OT),,,1,25,25.0,0,,,0,0,0,,0,0,,0,0,0,,,,0,,5,123,0,24.6,0,,0,0,0,0
59,22,13,13,1988-11-27,PHI,,PHO,W 31-21,*,,3,76,25.3,1,,,0,0,0,,0,0,,0,0,0,,,,,,0,0,0,,0,,0,0,0,0
60,38,13,13,1989-12-03,PHI,@,NYG,W 24-17,*,,0,0,,0,,,0,0,0,,0,0,,0,0,,,,,,,0,0,0,,0,,,0,0,0
61,53,12,13,1990-12-02,MIN,,GNB,W 23-7,,,0,0,,0,,,0,0,0,,0,0,,0,0,,,,,,,0,0,0,,0,,,0,0,0
62,70,13,13,1991-11-24,MIN,,DET,L 14-34,*,,7,111,15.9,0,,,0,0,0,,0,0,,0,0,0,,,,,,0,0,0,,0,,0,0,0,0
63,85,12,13,1992-11-29,MIN,@,RAM,W 31-17,*,4,2,27,13.5,0,50.0,6.8,0,0,0,,0,0,,0,0,0,,,,,,0,0,0,,0,,0,0,0,0
64,96,11,13,1993-11-28,MIN,,NOR,L 14-17,*,8,3,50,16.7,1,37.5,6.3,0,0,0,,0,0,,0,0,0,,,,,,0,0,0,,0,,0,0,0,0
65,113,12,13,1994-11-27,MIN,,TAM,L 17-20 (OT),*,11,5,46,9.2,0,45.5,4.2,0,0,0,,0,0,,0,0,0,,,,,,0,0,0,,0,0,0,0,0,0
66,129,12,13,1995-11-23,MIN,@,DET,L 38-44,*,12,5,51,10.2,2,41.7,4.3,0,0,0,,0,0,,0,0,0,,,,,,0,0,0,,0,0,0,0,0,0
67,145,12,13,1996-11-24,MIN,,DEN,L 17-21,*,12,8,74,9.3,1,66.7,6.2,0,0,0,,0,0,,0,0,0,,,,,,0,0,0,,0,0,0,0,0,0
68,161,12,13,1997-11-23,MIN,@,NYJ,L 21-23,*,10,6,105,17.5,0,60.0,10.5,0,0,0,,0,0,,0,0,0,,,,,,0,0,0,,1,0,0,0,0,0
69,177,12,13,1998-11-26,MIN,@,DAL,W 46-36,*,12,7,135,19.3,1,58.3,11.3,0,0,0,,0,0,,0,0,0,,,,0,0,0,0,0,,0,0,0,0,0,0
70,193,12,13,1999-12-06,MIN,@,TAM,L 17-24,*,14,6,42,7.0,1,42.9,3.0,0,0,0,,0,0,,0,0,0,,,,,,0,0,0,,0,0,0,0,0,0
71,209,12,13,2000-11-23,MIN,@,DAL,W 27-15,*,3,2,22,11.0,0,66.7,7.3,0,0,0,,0,0,,0,0,0,,,,,,0,0,0,,0,0,0,0,0,0
72,225,12,13,2001-12-09,MIN,,TEN,W 42-24,*,4,3,46,15.3,0,75.0,11.5,0,0,0,,0,0,,0,0,0,,,,,,0,0,0,,0,0,0,0,0,0
73,5,11,12,1987-11-29,PHI,@,NWE,W 34-31 (OT),,,1,13,13.0,0,,,0,0,0,,0,0,,0,0,0,,,,0,,2,39,0,19.5,0,,0,0,0,0
74,21,12,12,1988-11-20,PHI,@,NYG,W 23-17 (OT),*,,0,0,,0,,,0,0,0,,0,0,,0,0,,,,,,,0,0,0,,0,,,1,0,1
75,37,12,12,1989-11-23,PHI,@,DAL,W 27-0,*,,3,53,17.7,2,,,0,0,0,,0,0,,0,0,0,,,,,,0,0,0,,0,,0,1,0,0
76,52,11,12,1990-11-25,MIN,,CHI,W 41-13,,,2,26,13.0,0,,,0,0,0,,0,0,,0,0,0,,,,,,0,0,0,,0,,0,0,0,0
77,69,12,12,1991-11-17,MIN,@,GNB,W 35-21,*,,7,94,13.4,2,,,0,0,0,,0,0,,0,0,0,,,,,,0,0,0,,0,,0,0,0,0
78,84,11,12,1992-11-22,MIN,,CLE,W 17-13,*,5,2,12,6.0,0,40.0,2.4,0,0,0,,0,0,,0,0,0,,,,,,0,0,0,,0,,0,0,0,0
79,95,10,12,1993-11-21,MIN,@,TAM,L 10-23,*,7,2,10,5.0,0,28.6,1.4,0,0,0,,0,0,,0,0,0,,,,,,0,0,0,,0,,0,0,0,0
80,112,11,12,1994-11-20,MIN,,NYJ,L 21-31,*,19,11,100,9.1,1,57.9,5.3,0,0,0,,0,0,,0,0,0,,,,,,0,0,0,,0,0,0,0,0,0
81,128,11,12,1995-11-19,MIN,,NOR,W 43-24,*,13,12,137,11.4,2,92.3,10.5,0,0,0,,0,0,,0,0,0,,,,,,0,0,0,,0,0,0,0,0,0
82,144,11,12,1996-11-17,MIN,@,OAK,W 16-13 (OT),*,12,6,56,9.3,0,50.0,4.7,0,0,0,,0,0,,0,0,0,,,,,,0,0,0,,0,0,0,0,0,0
83,160,11,12,1997-11-16,MIN,@,DET,L 15-38,*,9,4,38,9.5,0,44.4,4.2,0,0,0,,0,0,,0,0,0,,,,,,0,0,0,,0,0,0,0,0,0
84,176,11,12,1998-11-22,MIN,,GNB,W 28-14,*,4,3,28,9.3,1,75.0,7.0,0,0,0,,0,0,,0,0,0,,,,0,0,0,0,0,,0,0,0,0,0,0
85,192,11,12,1999-11-28,MIN,,SDG,W 35-27,*,17,11,136,12.4,2,64.7,8.0,0,0,0,,0,0,,0,0,0,,,,,,0,0,0,,0,0,0,0,0,0
86,208,11,12,2000-11-19,MIN,,CAR,W 31-17,*,10,8,138,17.3,1,80.0,13.8,0,0,0,,0,0,,0,0,0,,,,,,0,0,0,,1,0,0,1,0,0
87,224,11,12,2001-12-02,MIN,@,PIT,L 16-21,*,5,4,35,8.8,0,80.0,7.0,0,0,0,,0,0,,0,0,0,,,,,,0,0,0,,0,0,0,0,0,0
88,4,10,11,1987-11-22,PHI,,STL,L 19-31,,,0,0,,0,,,0,0,0,,0,0,,0,0,0,,,,0,,0,0,0,,0,,,0,0,0
89,20,11,11,1988-11-13,PHI,@,PIT,W 27-26,*,,3,73,24.3,0,,,0,0,0,,0,0,,0,0,0,,,,,,0,0,0,,0,,0,0,0,0
90,36,11,11,1989-11-19,PHI,,MIN,W 10-9,*,,4,27,6.8,1,,,1,11,0,11.0,0,0,,0,0,0,,,,,,0,0,0,,0,,0,0,0,0
91,51,10,11,1990-11-18,MIN,@,SEA,W 24-21,,,2,12,6.0,0,,,0,0,0,,0,0,,0,0,0,,,,,,0,0,0,,0,,0,0,0,0
92,68,11,11,1991-11-11,MIN,,CHI,L 17-34,*,,8,85,10.6,0,,,0,0,0,,0,0,,0,0,0,,,,,,0,0,0,,0,,0,0,0,0
93,83,10,11,1992-11-15,MIN,,HOU,L 13-17,*,7,3,38,12.7,0,42.9,5.4,0,0,0,,0,0,,0,0,0,,,,,,0,0,0,,1,,0,0,0,0
94,94,9,11,1993-11-14,MIN,@,DEN,W 26-23,*,11,6,134,22.3,1,54.5,12.2,0,0,0,,0,0,,0,0,0,,,,,,0,0,0,,0,,0,0,0,0
95,111,10,11,1994-11-13,MIN,@,NWE,L 20-26 (OT),*,7,5,33,6.6,0,71.4,4.7,0,0,0,,0,0,,0,0,0,,,,,,0,0,0,,1,0,0,0,0,0
96,127,10,11,1995-11-12,MIN,@,ARI,W 30-24 (OT),*,17,12,157,13.1,2,70.6,9.2,0,0,0,,0,0,,0,0,0,,,,,,0,0,0,,0,0,0,0,0,0
97,143,10,11,1996-11-10,MIN,@,SEA,L 23-42,*,12,7,142,20.3,0,58.3,11.8,0,0,0,,0,0,,0,0,0,,,,,,0,0,0,,0,0,0,0,0,0
98,159,10,11,1997-11-09,MIN,,CHI,W 29-22,*,13,8,69,8.6,0,61.5,5.3,0,0,0,,0,0,,0,0,0,,,,,,0,0,0,,0,0,0,0,0,0
99,175,10,11,1998-11-15,MIN,,CIN,W 24-3,*,7,5,87,17.4,0,71.4,12.4,0,0,0,,0,0,,0,0,0,,,,0,0,0,0,0,,0,0,0,0,0,0
100,207,10,11,2000-11-12,MIN,,ARI,W 31-14,*,12,11,119,10.8,1,91.7,9.9,0,0,0,,0,0,,0,0,0,,,,,,0,0,0,,0,0,0,0,0,0
101,223,10,11,2001-11-25,MIN,,CHI,L 6-13,*,12,5,45,9.0,0,41.7,3.8,0,0,0,,0,0,,0,0,0,,,,,,0,0,0,,0,0,0,0,0,0
102,3,9,10,1987-11-15,PHI,,NYG,L 17-20,,,0,0,,0,,,0,0,0,,0,0,,0,0,0,,,,0,,0,0,0,,0,,,0,0,0
103,19,10,10,1988-11-06,PHI,,RAM,W 30-24,*,,5,61,12.2,0,,,0,0,0,,0,0,,0,0,0,,,,,,0,0,0,,0,,0,0,0,0
104,35,10,10,1989-11-12,PHI,,WAS,L 3-10,*,,3,29,9.7,0,,,0,0,0,,0,0,,0,0,0,,,,,,0,0,0,,0,,0,0,0,0
105,50,9,10,1990-11-11,MIN,@,DET,W 17-7,,,0,0,,0,,,0,0,0,,0,0,,0,0,,,,,,,0,0,0,,0,,,0,0,0
106,67,10,10,1991-11-03,MIN,,TAM,W 28-13,*,,3,31,10.3,0,,,0,0,0,,0,0,,0,0,0,,,,,,0,0,0,,0,,0,0,0,0
107,82,9,10,1992-11-08,MIN,@,TAM,W 35-7,*,10,8,84,10.5,0,80.0,8.4,1,2,0,2.0,0,0,,0,0,0,,,,,,0,0,0,,0,,0,0,0,0
108,93,8,10,1993-11-07,MIN,,SDG,L 17-30,*,13,6,75,12.5,0,46.2,5.8,0,0,0,,0,0,,0,0,0,,,,,,0,0,0,,0,,0,0,0,0
109,110,9,10,1994-11-06,MIN,,NOR,W 21-20,*,17,12,151,12.6,0,70.6,8.9,0,0,0,,0,0,,0,0,0,,,,,,0,0,0,,0,0,0,0,0,0
110,126,9,10,1995-11-05,MIN,,GNB,W 27-24,*,13,9,91,10.1,1,69.2,7.0,0,0,0,,0,0,,0,0,0,,,,,,0,0,0,,0,0,0,0,0,0
111,142,9,10,1996-11-03,MIN,,KAN,L 6-21,*,14,9,89,9.9,1,64.3,6.4,0,0,0,,0,0,,0,0,0,,,,,,0,0,0,,0,0,0,0,0,0
112,158,9,10,1997-11-02,MIN,,NWE,W 23-18,*,11,8,116,14.5,1,72.7,10.5,0,0,0,,0,0,,0,0,0,,,,,,0,0,0,,1,0,0,0,0,0
113,174,9,10,1998-11-08,MIN,,NOR,W 31-24,*,11,6,71,11.8,1,54.5,6.5,0,0,0,,0,0,,0,0,0,,,,0,0,0,0,0,,0,0,0,0,0,0
114,191,10,10,1999-11-14,MIN,@,CHI,W 27-24 (OT),*,12,9,141,15.7,3,75.0,11.8,0,0,0,,0,0,,0,0,0,,,,,,0,0,0,,0,0,0,0,0,0
115,206,9,10,2000-11-06,MIN,@,GNB,L 20-26 (OT),*,10,5,59,11.8,1,50.0,5.9,0,0,0,,0,0,,0,0,0,,,,,,0,0,0,,0,0,0,0,0,0
116,222,9,10,2001-11-19,MIN,,NYG,W 28-16,*,13,10,46,4.6,1,76.9,3.5,0,0,0,,0,0,,0,0,0,,,,,,0,0,0,,0,0,0,0,0,0
117,2,8,9,1987-11-08,PHI,,WAS,W 31-27,,,0,0,,0,,,0,0,0,,0,0,,0,0,0,,,,0,,1,28,0,28.0,0,,0,0,0,0
118,18,9,9,1988-10-30,PHI,,ATL,L 24-27,*,,4,85,21.3,2,,,0,0,0,,0,0,,0,0,0,,,,,,0,0,0,,0,,0,0,0,0
119,34,9,9,1989-11-05,PHI,@,SDG,L 17-20,*,,3,47,15.7,0,,,0,0,0,,0,0,,0,0,0,,,,,,0,0,0,,0,,0,0,0,0
120,49,8,9,1990-11-04,MIN,,DEN,W 27-22,,,0,0,,0,,,1,8,0,8.0,0,0,,0,0,0,,,,,,0,0,0,,0,,0,0,0,0
121,66,9,9,1991-10-27,MIN,@,PHO,W 28-0,*,,0,0,,0,,,0,0,0,,0,0,,0,0,,,,,,,0,0,0,,0,,,0,0,0
122,81,8,9,1992-11-02,MIN,@,CHI,W 38-10,*,8,2,41,20.5,0,25.0,5.1,0,0,0,,0,0,,0,0,0,,,,,,0,0,0,,0,,0,0,0,0
123,92,7,9,1993-10-31,MIN,,DET,L 27-30,*,11,9,88,9.8,1,81.8,8.0,0,0,0,,0,0,,0,0,0,,,,,,0,0,0,,0,,0,0,0,0
124,109,8,9,1994-10-30,MIN,@,TAM,W 36-13,*,6,5,51,10.2,0,83.3,8.5,0,0,0,,0,0,,0,0,0,,,,,,0,0,0,,0,0,0,0,0,0
125,125,8,9,1995-10-30,MIN,,CHI,L 6-14,*,11,8,68,8.5,0,72.7,6.2,0,0,0,,0,0,,0,0,0,,,,,,0,0,0,,0,0,0,0,0,0
126,141,8,9,1996-10-28,MIN,,CHI,L 13-15,*,10,5,34,6.8,0,50.0,3.4,0,0,0,,0,0,,0,0,0,,,,,,0,0,0,,0,0,0,0,0,0
127,157,8,9,1997-10-26,MIN,@,TAM,W 10-6,*,9,7,80,11.4,0,77.8,8.9,0,0,0,,0,0,,0,0,0,,,,,,0,0,0,,0,0,0,0,0,0
128,173,8,9,1998-11-01,MIN,@,TAM,L 24-27,*,3,2,13,6.5,0,66.7,4.3,0,0,0,,0,0,,0,0,0,,,,0,0,0,0,0,,0,0,0,0,0,0
129,190,9,9,1999-11-08,MIN,,DAL,W 27-17,*,10,9,116,12.9,1,90.0,11.6,0,0,0,,0,0,,0,0,0,,,,,,0,0,0,,0,0,0,0,0,0
130,205,8,9,2000-10-29,MIN,@,TAM,L 13-41,*,17,7,115,16.4,0,41.2,6.8,0,0,0,,0,0,,0,0,0,,,,,,0,0,0,,0,0,0,0,0,0
131,221,8,9,2001-11-11,MIN,@,PHI,L 17-48,*,7,5,81,16.2,1,71.4,11.6,0,0,0,,0,0,,0,0,0,,,,,,0,0,0,,0,0,0,0,0,0
132,230,8,9,2002-11-04,MIA,@,GNB,L 10-24,*,5,3,31,10.3,0,60.0,6.2,0,0,0,,0,0,,0,0,0,,,,,,0,0,0,,1,1,0,0,0,0
133,1,7,8,1987-11-01,PHI,@,STL,W 28-23,,,1,22,22.0,1,,,0,0,0,,0,1,0.0,0,0,0,0.0,0.00,39.6,0,0,0,0,0,,0,,0,0,0,0
134,17,8,8,1988-10-23,PHI,,DAL,W 24-23,*,,1,12,12.0,0,,,0,0,0,,0,0,,0,0,0,,,,,,0,0,0,,0,,0,0,0,0
135,33,8,8,1989-10-29,PHI,@,DEN,W 28-24,*,,2,9,4.5,1,,,0,0,0,,0,0,,0,0,0,,,,,,0,0,0,,0,,0,0,0,0
136,48,7,8,1990-10-28,MIN,@,GNB,L 10-24,,,0,0,,0,,,0,0,0,,0,0,,0,0,,,,,,,0,0,0,,0,,,0,0,0
137,65,8,8,1991-10-20,MIN,@,NWE,L 23-26 (OT),*,,10,114,11.4,0,,,0,0,0,,0,0,,0,0,0,,,,,,0,0,0,,0,,0,0,0,0
138,80,7,8,1992-10-25,MIN,,WAS,L 13-15,*,5,3,67,22.3,0,60.0,13.4,0,0,0,,0,0,,0,0,0,,,,,,0,0,0,,0,,0,0,0,0
139,91,6,8,1993-10-25,MIN,@,CHI,W 19-12,*,9,5,31,6.2,0,55.6,3.4,0,0,0,,0,0,,0,0,0,,,,,,0,0,0,,0,,0,0,0,0
140,108,7,8,1994-10-20,MIN,,GNB,W 13-10 (OT),*,15,10,68,6.8,0,66.7,4.5,0,0,0,,0,0,,0,0,0,,,,,,0,0,0,,0,0,0,0,0,0
141,124,7,8,1995-10-22,MIN,@,GNB,L 21-38,*,14,5,58,11.6,0,35.7,4.1,0,0,0,,0,0,,0,0,0,,,,,,0,0,0,,0,0,0,0,0,0
142,172,7,8,1998-10-25,MIN,@,DET,W 34-13,*,7,5,73,14.6,1,71.4,10.4,0,0,0,,0,0,,0,0,0,,,,0,0,0,0,0,,0,0,0,0,0,0
143,189,8,8,1999-10-31,MIN,@,DEN,W 23-20,*,11,8,144,18.0,2,72.7,13.1,0,0,0,,0,0,,0,0,0,,,,,,0,0,0,,0,0,0,0,0,0
144,204,7,8,2000-10-22,MIN,,BUF,W 31-27,*,12,7,107,15.3,2,58.3,8.9,0,0,0,,0,0,,0,0,0,,,,,,0,0,0,,1,0,0,1,0,0
145,16,7,7,1988-10-16,PHI,@,CLE,L 3-19,*,,2,30,15.0,0,,,0,0,0,,0,0,,0,0,0,,,,,,0,0,0,,0,,0,0,0,0
146,32,7,7,1989-10-22,PHI,,RAI,W 10-7,*,,0,0,,0,,,0,0,0,,0,0,,0,0,,,,,,,0,0,0,,0,,,0,0,0
147,64,7,7,1991-10-13,MIN,,PHO,W 34-7,*,,6,118,19.7,1,,,0,0,0,,0,0,,0,0,0,,,,,,0,0,0,,0,,0,0,0,0
148,79,6,7,1992-10-15,MIN,,DET,W 31-14,*,7,6,83,13.8,1,85.7,11.9,3,12,0,4.0,0,0,,0,0,0,,,,,,0,0,0,,0,,0,0,0,0
149,123,6,7,1995-10-15,MIN,@,TAM,L 17-20 (OT),*,9,4,21,5.3,0,44.4,2.3,0,0,0,,0,0,,0,0,0,,,,,,0,0,0,,0,0,0,0,0,0
150,140,7,7,1996-10-13,MIN,@,TAM,L 13-24,*,5,3,63,21.0,0,60.0,12.6,0,0,0,,0,0,,0,0,0,,,,,,0,0,0,,1,1,0,0,0,0
151,156,7,7,1997-10-12,MIN,,CAR,W 21-14,*,6,2,18,9.0,1,33.3,3.0,0,0,0,,0,0,,0,0,0,,,,,,0,0,0,,0,0,0,0,0,0
152,171,6,7,1998-10-18,MIN,,WAS,W 41-7,*,7,5,109,21.8,1,71.4,15.6,0,0,0,,0,0,,0,0,0,,,,0,0,0,0,0,,0,0,0,0,0,0
153,188,7,7,1999-10-24,MIN,,SFO,W 40-16,*,9,7,84,12.0,1,77.8,9.3,0,0,0,,0,0,,0,0,0,,,,,,0,0,0,,0,0,0,0,0,0
154,203,6,7,2000-10-15,MIN,@,CHI,W 28-16,*,10,7,111,15.9,1,70.0,11.1,0,0,0,,0,0,,0,0,0,,,,,,0,0,0,,0,0,0,0,0,0
155,220,7,7,2001-10-28,MIN,@,TAM,L 14-41,*,8,4,55,13.8,0,50.0,6.9,0,0,0,,0,0,,0,0,0,,,,,,0,0,0,,0,0,0,0,0,0
156,15,6,6,1988-10-10,PHI,,NYG,W 24-13,*,,5,162,32.4,1,,,1,1,0,1.0,0,0,,0,0,0,,,,,,0,0,0,,0,,0,0,0,0
157,31,6,6,1989-10-15,PHI,@,PHO,W 17-5,*,,2,42,21.0,2,,,1,5,0,5.0,0,0,,0,0,0,,,,,,0,0,0,,0,,0,0,0,0
158,47,6,6,1990-10-15,MIN,@,PHI,L 24-32,*,,6,151,25.2,2,,,1,-2,0,-2.0,0,0,,0,0,0,,,,,,0,0,0,,0,,0,0,0,0
159,63,6,6,1991-10-06,MIN,@,DET,L 20-24,*,,2,19,9.5,0,,,0,0,0,,0,0,,0,0,0,,,,,,0,0,0,,0,,0,0,0,0
160,90,5,6,1993-10-10,MIN,,TAM,W 15-0,*,8,5,57,11.4,0,62.5,7.1,0,0,0,,0,0,,0,0,0,,,,,,0,0,0,,0,,0,0,0,0
161,107,6,6,1994-10-10,MIN,@,NYG,W 27-10,*,5,4,50,12.5,1,80.0,10.0,0,0,0,,0,0,,0,0,0,,,,,,0,0,0,,0,0,0,0,0,0
162,122,5,6,1995-10-08,MIN,,HOU,W 23-17 (OT),*,20,12,115,9.6,2,60.0,5.8,0,0,0,,0,0,,0,0,0,,,,,,0,0,0,,0,0,0,0,0,0
163,139,6,6,1996-10-06,MIN,,CAR,W 14-12,*,15,7,90,12.9,2,46.7,6.0,0,0,0,,0,0,,0,0,0,,,,,,0,0,0,,0,0,0,1,0,0
164,155,6,6,1997-10-05,MIN,@,ARI,W 20-19,*,9,6,64,10.7,1,66.7,7.1,0,0,0,,0,0,,0,0,0,,,,,,0,0,0,,0,0,0,0,0,0
165,187,6,6,1999-10-17,MIN,@,DET,L 23-25,*,6,4,45,11.3,1,66.7,7.5,0,0,0,,0,0,,0,0,0,,,,,,0,0,0,,0,0,0,0,0,0
166,202,5,6,2000-10-09,MIN,,TAM,W 30-23,*,3,3,43,14.3,0,100.0,14.3,0,0,0,,0,0,,0,0,0,,,,,,0,0,0,,0,0,0,0,0,0
167,219,6,6,2001-10-21,MIN,,GNB,W 35-13,*,6,3,60,20.0,1,50.0,10.0,0,0,0,,0,0,,0,0,0,,,,,,0,0,0,,0,0,0,0,0,0
168,14,5,5,1988-10-02,PHI,,HOU,W 32-23,*,,2,58,29.0,1,,,0,0,0,,0,0,,0,0,0,,,,,,0,0,0,,0,,0,0,0,0
169,30,5,5,1989-10-08,PHI,,NYG,W 21-19,*,,2,27,13.5,0,,,0,0,0,,0,0,,0,0,0,,,,,,0,0,0,,0,,0,0,0,0
170,46,5,5,1990-10-07,MIN,,DET,L 27-34,,,1,7,7.0,0,,,0,0,0,,0,0,,0,0,0,,,,,,0,0,0,,0,,0,0,0,0
171,62,5,5,1991-09-29,MIN,,DEN,L 6-13,*,,4,42,10.5,0,,,0,0,0,,0,0,,0,0,0,,,,,,0,0,0,,0,,0,0,0,0
172,78,5,5,1992-10-04,MIN,,CHI,W 21-20,*,10,8,67,8.4,1,80.0,6.7,0,0,0,,0,0,,0,0,0,,,,,,0,0,0,,0,,0,0,0,0
173,89,4,5,1993-10-03,MIN,@,SFO,L 19-38,*,11,5,70,14.0,1,45.5,6.4,0,0,0,,0,0,,0,0,0,,,,,,0,0,0,,0,,0,0,0,0
174,106,5,5,1994-10-02,MIN,@,ARI,L 7-17,*,17,14,167,11.9,0,82.4,9.8,0,0,0,,0,0,,0,0,0,,,,,,0,0,0,,1,0,0,0,0,0
175,138,5,5,1996-09-29,MIN,@,NYG,L 10-15,*,9,6,55,9.2,0,66.7,6.1,0,0,0,,0,0,,0,0,0,,,,,,0,0,0,,0,0,0,0,0,0
176,154,5,5,1997-09-28,MIN,,PHI,W 28-19,*,11,5,58,11.6,1,45.5,5.3,0,0,0,,0,0,,0,0,0,,,,,,0,0,0,,0,0,0,0,0,0
177,170,5,5,1998-10-05,MIN,@,GNB,W 37-24,*,12,8,119,14.9,0,66.7,9.9,1,-1,0,-1.0,0,0,,0,0,0,,,,0,0,0,0,0,,0,0,0,0,0,0
178,186,5,5,1999-10-10,MIN,,CHI,L 22-24,*,13,5,62,12.4,0,38.5,4.8,0,0,0,,0,0,,0,0,0,,,,,,0,0,0,,0,0,0,0,0,0
179,201,4,5,2000-10-01,MIN,@,DET,W 31-24,*,8,3,30,10.0,0,37.5,3.8,0,0,0,,0,0,,0,0,0,,,,,,0,0,0,,0,0,0,0,0,0
180,218,5,5,2001-10-14,MIN,,DET,W 31-26,*,9,8,111,13.9,1,88.9,12.3,0,0,0,,0,0,,0,0,0,,,,,,0,0,0,,0,0,0,0,0,0
181,13,4,4,1988-09-25,PHI,@,MIN,L 21-23,*,,1,3,3.0,0,,,0,0,0,,0,0,,0,0,0,,,,,,0,0,0,,0,,0,0,0,0
182,29,4,4,1989-10-02,PHI,@,CHI,L 13-27,*,,8,113,14.1,0,,,0,0,0,,0,0,,0,0,0,,,,,,0,0,0,,1,,0,0,0,0
183,45,4,4,1990-09-30,MIN,,TAM,L 20-23 (OT),,,2,23,11.5,0,,,0,0,0,,0,0,,0,0,0,,,,,,0,0,0,,0,,0,0,0,0
184,61,4,4,1991-09-22,MIN,@,NOR,L 0-26,*,,3,16,5.3,0,,,0,0,0,,0,0,,0,0,0,,,,,,0,0,0,,0,,0,0,0,0
185,77,4,4,1992-09-27,MIN,@,CIN,W 42-7,*,13,11,124,11.3,2,84.6,9.5,0,0,0,,0,0,,0,0,0,,,,,,0,0,0,,0,,0,0,0,0
186,88,3,4,1993-09-26,MIN,,GNB,W 15-13,*,11,4,44,11.0,0,36.4,4.0,0,0,0,,0,0,,0,0,0,,,,,,0,0,0,,0,,0,0,0,0
187,105,4,4,1994-09-25,MIN,,MIA,W 38-35,*,8,7,81,11.6,3,87.5,10.1,0,0,0,,0,0,,0,0,0,,,,,,0,0,0,,0,0,0,0,0,0
188,121,4,4,1995-09-24,MIN,@,PIT,W 44-24,*,9,6,67,11.2,2,66.7,7.4,0,0,0,,0,0,,0,0,0,,,,,,0,0,0,,0,0,0,0,0,0
189,137,4,4,1996-09-22,MIN,,GNB,W 30-21,*,10,5,65,13.0,0,50.0,6.5,0,0,0,,0,0,,0,0,0,,,,,,0,0,0,,0,0,0,0,0,0
190,153,4,4,1997-09-21,MIN,@,GNB,L 32-38,*,9,5,32,6.4,1,55.6,3.6,0,0,0,,0,0,,0,0,0,,,,,,0,0,0,,0,0,0,0,0,0
191,169,4,4,1998-09-27,MIN,@,CHI,W 31-28,*,6,4,68,17.0,1,66.7,11.3,0,0,0,,0,0,,0,0,0,,,,0,0,0,0,0,,0,0,0,0,0,0
192,185,4,4,1999-10-03,MIN,,TAM,W 21-14,*,9,6,41,6.8,0,66.7,4.6,0,0,0,,0,0,,0,0,0,,,,,,0,0,0,,0,0,0,0,0,0
193,217,4,4,2001-10-07,MIN,@,NOR,L 15-28,*,8,4,84,21.0,0,50.0,10.5,0,0,0,,0,0,,0,0,0,,,,,,0,0,0,,1,1,0,0,0,0
194,12,3,3,1988-09-18,PHI,@,WAS,L 10-17,*,,1,3,3.0,0,,,0,0,0,,0,0,,0,0,0,,,,,,0,0,0,,0,,0,0,0,0
195,28,3,3,1989-09-24,PHI,,SFO,L 28-38,*,,2,13,6.5,0,,,0,0,0,,0,0,,0,0,0,,,,,,0,0,0,,0,,0,0,0,0
196,44,3,3,1990-09-23,MIN,@,CHI,L 16-19,,,0,0,,0,,,0,0,0,,0,0,,0,0,,,,,,,0,0,0,,0,,,0,0,0
197,60,3,3,1991-09-15,MIN,,SFO,W 17-14,*,,4,32,8.0,0,,,0,0,0,,0,0,,0,0,0,,,,,,0,0,0,,0,,0,0,0,0
198,76,3,3,1992-09-20,MIN,,TAM,W 26-20,*,8,4,84,21.0,2,50.0,10.5,1,1,0,1.0,0,0,,0,0,0,,,,,,0,0,0,,0,,0,0,0,0
199,104,3,3,1994-09-18,MIN,@,CHI,W 42-14,*,10,9,86,9.6,0,90.0,8.6,0,0,0,,0,0,,0,0,0,,,,,,0,0,0,,1,0,0,0,0,0
200,120,3,3,1995-09-17,MIN,,DAL,L 17-23 (OT),*,10,5,39,7.8,1,50.0,3.9,0,0,0,,0,0,,0,0,0,,,,,,0,0,0,,0,0,0,0,0,0
201,136,3,3,1996-09-15,MIN,@,CHI,W 20-14,*,12,5,74,14.8,0,41.7,6.2,0,0,0,,0,0,,0,0,0,,,,,,0,0,0,,0,0,0,0,0,0
202,152,3,3,1997-09-14,MIN,,TAM,L 14-28,*,15,6,69,11.5,1,40.0,4.6,0,0,0,,0,0,,0,0,0,,,,,,0,0,0,,1,1,0,0,0,0
203,168,3,3,1998-09-20,MIN,,DET,W 29-6,*,5,3,27,9.0,0,60.0,5.4,0,0,0,,0,0,,0,0,0,,,,0,0,0,0,0,,0,0,0,0,0,0
204,184,3,3,1999-09-26,MIN,@,GNB,L 20-23,*,7,4,85,21.3,0,57.1,12.1,0,0,0,,0,0,,0,0,0,,,,,,0,0,0,,0,0,0,0,0,0
205,200,3,3,2000-09-17,MIN,@,NWE,W 21-13,*,10,7,67,9.6,0,70.0,6.7,0,0,0,,0,0,,0,0,0,,,,,,0,0,0,,0,0,0,0,0,0
206,216,3,3,2001-09-30,MIN,,TAM,W 20-16,*,11,5,62,12.4,1,45.5,5.6,0,0,0,,0,0,,0,0,0,,,,,,0,0,0,,0,0,0,0,0,0
207,11,2,2,1988-09-11,PHI,,CIN,L 24-28,*,,2,20,10.0,0,,,0,0,0,,0,0,,0,0,0,,,,,,0,0,0,,0,,0,0,0,0
208,27,2,2,1989-09-17,PHI,@,WAS,W 42-37,*,,5,79,15.8,1,,,0,0,0,,0,0,,0,0,0,,,,,,0,0,0,,0,,0,0,0,0
209,43,2,2,1990-09-16,MIN,,NOR,W 32-3,,,0,0,,0,,,0,0,0,,0,0,,0,0,,,,,,,0,0,0,,0,,,0,0,0
210,59,2,2,1991-09-08,MIN,@,ATL,W 20-19,*,,5,94,18.8,2,,,0,0,0,,0,0,,0,0,0,,,,,,0,0,0,,0,,0,0,0,0
211,75,2,2,1992-09-13,MIN,@,DET,L 17-31,*,6,2,27,13.5,0,33.3,4.5,0,0,0,,0,0,,0,0,0,,,,,,0,0,0,,0,,0,0,0,0
212,87,2,2,1993-09-12,MIN,,CHI,W 10-7,*,9,8,52,6.5,1,88.9,5.8,0,0,0,,0,0,,0,0,0,,,,,,0,0,0,,0,,0,0,0,0
213,103,2,2,1994-09-11,MIN,,DET,W 10-3,*,11,6,49,8.2,0,54.5,4.5,0,0,0,,0,0,,0,0,0,,,,,,0,0,0,,0,0,0,0,0,0
214,119,2,2,1995-09-10,MIN,,DET,W 20-10,*,10,6,57,9.5,0,60.0,5.7,0,0,0,,0,0,,0,0,0,,,,,,0,0,0,,0,0,0,0,0,0
215,135,2,2,1996-09-08,MIN,@,ATL,W 23-17,*,7,4,75,18.8,1,57.1,10.7,0,0,0,,0,0,,0,0,0,,,,,,0,0,0,,0,0,0,0,0,0
216,151,2,2,1997-09-07,MIN,@,CHI,W 27-24,*,12,9,107,11.9,0,75.0,8.9,0,0,0,,0,0,,0,0,0,,,,,,0,0,0,,0,0,0,0,0,0
217,167,2,2,1998-09-13,MIN,@,STL,W 38-31,*,13,4,60,15.0,1,30.8,4.6,0,0,0,,0,0,,0,0,0,,,,0,0,0,0,0,,0,0,0,0,0,0
218,183,2,2,1999-09-19,MIN,,OAK,L 17-22,*,6,5,70,14.0,0,83.3,11.7,0,0,0,,0,0,,0,0,0,,,,,,0,0,0,,0,0,0,0,0,0
219,199,2,2,2000-09-10,MIN,,MIA,W 13-7,*,14,9,168,18.7,0,64.3,12.0,0,0,0,,0,0,,0,0,0,,,,,,0,0,0,,0,0,0,0,0,0
220,215,2,2,2001-09-23,MIN,@,CHI,L 10-17,*,5,1,13,13.0,0,20.0,2.6,0,0,0,,0,0,,0,0,0,,,,,,0,0,0,,0,0,0,0,0,0
221,10,1,1,1988-09-04,PHI,@,TAM,W 41-14,*,,4,85,21.3,0,,,0,0,0,,0,0,,0,0,0,,,,,,0,0,0,,0,,0,0,0,0
222,26,1,1,1989-09-10,PHI,,SEA,W 31-7,,,3,63,21.0,1,,,0,0,0,,0,0,,0,0,0,,,,,,0,0,0,,0,,0,0,0,0
223,42,1,1,1990-09-09,MIN,@,KAN,L 21-24,,,0,0,,0,,,0,0,0,,0,0,,0,0,,,,,,,0,0,0,,0,,,0,0,0
224,58,1,1,1991-09-01,MIN,@,CHI,L 6-10,*,,4,36,9.0,0,,,0,0,0,,0,0,,0,0,0,,,,,,0,0,0,,0,,0,0,0,0
225,74,1,1,1992-09-06,MIN,@,GNB,W 23-20 (OT),*,9,2,27,13.5,0,22.2,3.0,0,0,0,,0,0,,0,0,0,,,,,,0,0,0,,0,,0,0,0,0
226,86,1,1,1993-09-05,MIN,@,RAI,L 7-24,*,8,7,74,10.6,0,87.5,9.3,0,0,0,,0,0,,0,0,0,,,,,,0,0,0,,0,,0,1,0,0
227,102,1,1,1994-09-04,MIN,@,GNB,L 10-16,*,7,5,35,7.0,0,71.4,5.0,0,0,0,,0,0,,0,0,0,,,,,,0,0,0,,0,0,0,0,0,0
228,118,1,1,1995-09-03,MIN,@,CHI,L 14-31,*,10,5,83,16.6,0,50.0,8.3,0,0,0,,0,0,,0,0,0,,,,,,0,0,0,,0,0,0,0,0,0
229,134,1,1,1996-09-01,MIN,,DET,W 17-13,*,11,8,88,11.0,1,72.7,8.0,0,0,0,,0,0,,0,0,0,,,,,,0,0,0,,0,0,0,0,0,0
230,150,1,1,1997-08-31,MIN,@,BUF,W 34-13,*,11,8,121,15.1,2,72.7,11.0,0,0,0,,0,0,,0,0,0,,,,,,0,0,0,,0,0,0,0,0,0
231,166,1,1,1998-09-06,MIN,,TAM,W 31-7,*,8,5,31,6.2,2,62.5,3.9,0,0,0,,0,0,,0,0,0,,,,0,0,0,0,0,,0,0,0,0,0,0
232,182,1,1,1999-09-12,MIN,@,ATL,W 17-14,*,10,7,70,10.0,1,70.0,7.0,0,0,0,,0,0,,0,0,0,,,,,,0,0,0,,0,0,0,0,0,0
233,198,1,1,2000-09-03,MIN,,CHI,W 30-27,*,5,2,26,13.0,0,40.0,5.2,0,0,0,,0,0,,0,0,0,,,,,,0,0,0,,0,0,0,0,0,0
234,214,1,1,2001-09-09,MIN,,CAR,L 13-24,*,6,5,44,8.8,1,83.3,7.3,0,0,0,,0,0,,0,0,0,,,,,,0,0,0,,0,0,0,0,0,0